date,0P0000KU3M.F,LU1313770536
2020-04-09,195.37,
2020-04-14,197.32,8137.21
2020-04-15,190.89,8167.79
2020-04-16,191.78,8160.66
2020-04-17,196.52,8164.87
2020-04-20,197.21,8148.94
2020-04-21,192.48,8144.65
2020-04-22,193.85,8130.21
2020-04-23,195.69,8162.22
2020-04-24,194.44,8194.41
2020-04-27,197.7,8215.52
2020-04-28,199.42,8257.01
2020-04-29,202.28,8243.86
2020-04-30,200.95,8279.24
2020-05-04,194.7,8256.34
2020-05-05,198.35,8260.03
2020-05-06,197.93,8229.67
2020-05-07,200.38,8235.4
2020-05-08,,8237.14
2020-05-11,201.66,8223.36
2020-05-12,200.9,8237.14
2020-05-13,,8211.41
2020-05-14,194.62,8193.31
2020-05-15,195.97,8182.85
2020-05-18,202.63,8160.62
2020-05-19,200.73,8198.88
2020-05-20,203.14,8199.09
2020-05-22,202.76,8224.44
2020-05-25,206.66,8228.49
2020-05-26,207.32,8236.17
2020-05-27,207.35,8266.77
2020-05-28,211.43,8304.71
2020-05-29,210.6,8292.62
2020-06-02,214.36,8303.83
2020-06-03,218.41,8323.27
2020-06-04,217.88,8356.39
2020-06-05,220.79,8412.52
2020-06-08,219.47,8444.61
2020-06-09,217.93,8417.83
2020-06-10,217.3,8402.82
2020-06-11,210.18,8391.63
2020-06-12,210.55,8394.43
2020-06-15,210.16,8385.63
2020-06-16,214.08,8428.62
2020-06-17,215.83,8423.35
2020-06-18,214.85,8410.09
2020-06-19,214.98,8411.38
2020-06-22,213.79,8407.85
2020-06-24,211.66,8402.72
2020-06-25,214.19,8399.53
2020-06-26,213.81,8379.43
2020-06-29,214.6,8390.56
2020-06-30,215.0,8391.51
2020-07-01,215.3,8382.95
2020-07-02,218.8,8410.85
2020-07-03,217.72,8415.76
2020-07-06,220.24,8427.67
2020-07-07,220.04,8424.64
2020-07-08,218.01,8426.86
2020-07-09,217.55,8435.0
2020-07-10,218.64,8434.0
2020-07-13,220.54,8421.71
2020-07-14,,8432.15
2020-07-15,220.97,8450.68
2020-07-16,219.91,8465.39
2020-07-17,220.56,8466.97
2020-07-20,222.53,8485.85
2020-07-21,222.62,8510.13
2020-07-22,222.3,8526.2
2020-07-23,223.01,8529.77
2020-07-24,219.62,8518.09
2020-07-27,219.85,8533.68
2020-07-28,219.24,8540.18
2020-07-29,220.41,8536.06
2020-07-30,216.98,8540.94
2020-07-31,215.86,8532.87
2020-08-03,218.09,8528.33
2020-08-04,217.03,8542.51
2020-08-05,218.57,8536.37
2020-08-06,218.42,8553.45
2020-08-07,219.42,8552.24
2020-08-10,218.93,8570.07
2020-08-11,222.08,8570.11
2020-08-12,223.91,8568.57
2020-08-13,224.34,8561.3
2020-08-14,221.46,8560.86
2020-08-17,222.48,8568.49
2020-08-18,221.82,8572.49
2020-08-19,222.32,8579.62
2020-08-20,220.82,8586.41
2020-08-21,221.35,8593.33
2020-08-24,223.8,8592.36
2020-08-25,224.32,8576.29
2020-08-26,226.48,8569.47
2020-08-27,224.67,8565.13
2020-08-28,224.38,8567.88
2020-08-31,223.65,8563.36
2020-09-01,224.13,8574.29
2020-09-02,228.2,8599.73
2020-09-03,224.69,8606.42
2020-09-04,221.06,8595.96
2020-09-07,224.76,8593.14
2020-09-08,222.35,8597.95
2020-09-09,224.93,8584.05
2020-09-10,224.75,8576.23
2020-09-11,225.18,8592.76
2020-09-14,226.25,8595.59
2020-09-15,227.52,8598.73
2020-09-16,227.75,8605.58
2020-09-17,226.37,8610.63
2020-09-18,225.92,8608.97
2020-09-21,220.34,8608.16
2020-09-22,220.16,8591.88
2020-09-23,220.62,8592.22
2020-09-24,218.17,8573.44
2020-09-25,217.42,8590.24
2020-09-28,221.37,8573.49
2020-09-29,222.26,8582.87
2020-09-30,221.71,8582.43
2020-10-01,223.18,8598.08
2020-10-02,222.22,8602.32
2020-10-05,223.73,8603.81
2020-10-06,223.35,8616.35
2020-10-07,223.43,8618.11
2020-10-08,225.36,8632.26
2020-10-09,226.69,8634.27
2020-10-12,228.59,8642.31
2020-10-13,228.44,8649.31
2020-10-14,227.44,8655.58
2020-10-15,223.36,8653.92
2020-10-16,225.41,8660.68
2020-10-19,225.36,8668.03
2020-10-20,224.72,8661.96
2020-10-21,222.53,8660.33
2020-10-22,221.22,8654.01
2020-10-23,222.53,8658.85
2020-10-26,218.43,8658.0
2020-10-27,216.26,8669.43
2020-10-28,209.83,8655.58
2020-10-29,211.34,8652.95
2020-10-30,211.12,8643.45
2020-11-02,213.59,8648.4
2020-11-03,216.9,8656.48
2020-11-04,221.89,8676.39
2020-11-05,225.79,8702.28
2020-11-06,225.54,8708.63
2020-11-09,233.59,8715.35
2020-11-10,234.91,8715.45
2020-11-11,,8730.2
2020-11-12,235.55,8736.06
2020-11-13,235.65,8739.57
2020-11-16,237.44,8751.16
2020-11-17,236.38,8760.57
2020-11-18,237.71,
2020-11-19,237.41,8766.7
2020-11-20,238.58,8775.01
2020-11-23,237.35,8779.7
2020-11-24,237.61,8783.09
2020-11-25,237.64,8787.34
2020-11-26,238.17,8793.66
2020-11-27,240.19,8794.98
2020-11-30,239.45,8789.12
2020-12-01,239.94,8778.67
2020-12-02,239.02,8780.43
2020-12-03,238.78,8797.19
2020-12-04,240.37,8800.95
2020-12-07,240.58,8812.93
2020-12-08,241.03,8820.31
2020-12-09,239.56,8821.54
2020-12-10,238.82,8819.63
2020-12-11,239.08,8826.44
2020-12-14,239.51,8821.53
2020-12-15,238.21,8818.83
2020-12-16,240.54,8807.05
2020-12-17,241.1,8812.5
2020-12-18,240.71,8814.82
2020-12-21,237.85,8810.81
2020-12-22,240.54,8815.8
2020-12-23,241.34,8800.93
2020-12-24,241.99,
2020-12-28,244.35,8809.68
2020-12-29,245.55,8815.56
2020-12-30,245.25,8815.17
2020-12-31,244.21,8817.95
2021-01-04,246.35,8836.85
2021-01-05,246.33,8831.92
2021-01-06,246.99,8830.9
2021-01-07,248.13,8837.91
2021-01-08,249.95,8840.15
2021-01-11,248.68,8829.1
2021-01-12,247.07,8807.41
2021-01-13,247.78,8819.44
2021-01-14,248.87,8828.3
2021-01-15,245.98,8823.26
2021-01-18,246.73,8814.51
2021-01-19,247.21,8818.1
2021-01-20,248.61,8826.29
2021-01-21,249.15,8819.94
2021-01-22,248.18,8820.97
2021-01-25,245.01,8828.78
2021-01-26,245.87,8819.94
2021-01-27,243.04,8813.71
2021-01-28,244.23,8799.96
2021-01-29,241.64,8800.08
2021-02-01,244.41,8808.17
2021-02-02,247.97,8809.56
2021-02-03,248.35,8812.25
2021-02-04,249.38,8810.21
2021-02-05,250.4,8813.65
2021-02-08,251.48,8814.41
2021-02-09,251.3,8813.67
2021-02-10,250.47,8814.43
2021-02-11,252.48,8823.39
2021-02-12,253.61,8814.94
2021-02-15,254.74,8802.98
2021-02-16,254.51,8793.4
2021-02-17,252.71,8798.75
2021-02-18,251.97,8792.38
2021-02-19,252.85,8781.62
2021-02-22,250.53,8786.72
2021-02-23,248.6,8777.07
2021-02-24,248.09,8774.11
2021-02-25,247.97,8743.09
2021-02-26,244.92,8734.14
2021-03-01,249.28,8764.51
2021-03-02,248.92,8775.82
2021-03-03,246.17,8758.61
2021-03-04,244.91,8761.59
2021-03-05,242.55,8751.49
2021-03-08,245.25,8739.09
2021-03-09,248.38,8744.61
2021-03-10,249.17,8748.25
2021-03-11,253.0,8764.9
2021-03-12,251.64,8756.53
2021-03-15,252.0,8764.12
2021-03-16,253.17,8762.82
2021-03-17,251.37,8747.77
2021-03-18,250.5,8737.97
2021-03-19,249.45,8744.55
2021-03-22,250.55,8748.13
2021-03-23,250.83,8755.97
2021-03-24,250.18,8761.1
2021-03-25,250.27,8756.03
2021-03-26,252.82,8760.22
2021-03-29,254.01,8749.16
2021-03-30,255.21,8737.7
2021-03-31,255.51,8748.21
2021-04-01,259.06,8774.65
2021-04-06,259.81,8783.14
2021-04-07,258.82,8788.85
2021-04-08,260.79,8794.13
2021-04-09,261.47,8781.99
2021-04-12,260.21,8779.49
2021-04-13,262.21,8776.58
2021-04-14,262.05,8766.11
2021-04-15,263.18,8781.69
2021-04-16,264.06,8776.53
2021-04-19,264.16,8769.83
2021-04-20,261.45,8776.08
2021-04-21,262.91,8776.0
2021-04-22,266.41,8774.45
2021-04-23,266.69,8775.45
2021-04-26,266.66,8773.04
2021-04-27,267.06,8772.45
2021-04-28,267.51,8767.56
2021-04-29,267.3,8758.28
2021-04-30,265.85,8763.69
2021-05-03,266.51,8765.49
2021-05-04,262.54,8776.67
2021-05-05,265.26,8775.34
2021-05-06,264.14,8773.87
2021-05-07,266.45,8770.03
2021-05-10,264.64,8770.91
2021-05-11,261.42,8749.35
2021-05-12,259.68,8735.83
2021-05-14,263.4,8734.26
2021-05-17,262.83,8730.89
2021-05-18,262.8,8727.61
2021-05-19,260.83,8721.48
2021-05-20,264.12,8718.74
2021-05-21,264.92,8726.78
2021-05-25,265.44,8742.13
2021-05-26,266.2,8755.12
2021-05-27,265.69,8746.98
2021-05-28,267.8,8752.98
2021-05-31,266.91,8754.17
2021-06-01,267.11,8756.15
2021-06-02,266.91,8766.61
2021-06-03,266.2,8763.95
2021-06-04,267.73,8775.79
2021-06-07,268.09,8773.0
2021-06-08,268.52,8784.17
2021-06-09,269.24,8795.01
2021-06-10,269.16,8802.27
2021-06-11,271.42,8811.42
2021-06-14,273.25,8807.17
2021-06-15,273.75,8800.37
2021-06-16,274.49,8804.66
2021-06-17,274.73,8797.46
2021-06-18,272.76,8799.05
2021-06-21,273.41,8783.56
2021-06-22,273.97,8779.67
2021-06-23,272.32,
2021-06-24,275.62,8792.6
2021-06-25,275.92,8784.29
2021-06-28,275.41,8795.32
2021-06-29,276.13,8789.77
2021-06-30,274.9,8801.87
2021-07-01,276.61,8801.86
2021-07-02,277.3,8813.8
2021-07-05,277.18,8806.13
2021-07-06,278.16,8826.37
2021-07-07,279.83,8838.81
2021-07-08,275.56,8839.84
2021-07-09,277.54,8834.73
2021-07-12,279.08,8837.06
2021-07-13,279.35,8838.28
2021-07-14,,8847.64
2021-07-15,276.35,8852.85
2021-07-16,276.19,8859.68
2021-07-19,272.49,8865.23
2021-07-20,273.26,8871.12
2021-07-21,276.9,8868.91
2021-07-22,279.72,8881.59
2021-07-23,282.28,8882.38
2021-07-26,282.12,
2021-07-27,,8890.4
2021-07-28,283.97,8895.73
2021-07-29,283.85,8899.95
2021-07-30,284.28,8905.06
2021-08-02,286.64,8914.43
2021-08-03,286.81,8915.3
2021-08-04,288.38,8923.01
2021-08-05,290.5,8924.42
2021-08-06,290.46,8908.01
2021-08-09,290.36,8906.85
2021-08-10,290.2,8904.81
2021-08-11,290.62,8904.88
2021-08-12,291.38,8903.76
2021-08-13,291.68,8904.87
2021-08-16,290.46,8904.67
2021-08-17,290.69,8904.04
2021-08-18,290.47,8908.35
2021-08-19,287.48,8907.86
2021-08-20,288.61,8909.16
2021-08-23,290.45,8904.21
2021-08-24,290.2,8902.37
2021-08-25,289.94,8883.43
2021-08-26,289.41,8877.39
2021-08-27,290.45,8881.99
2021-08-30,291.93,8887.58
2021-08-31,291.45,8869.83
2021-09-01,293.94,8867.8
2021-09-02,294.16,8872.74
2021-09-03,292.14,8865.89
2021-09-06,293.68,8866.83
2021-09-07,293.61,8854.29
2021-09-08,291.61,8853.38
2021-09-09,292.12,8864.73
2021-09-10,291.52,8859.55
2021-09-13,290.38,8861.62
2021-09-14,291.26,8865.07
2021-09-15,288.56,8859.65
2021-09-16,289.44,8861.37
2021-09-17,288.02,8857.53
2021-09-20,285.0,8859.27
2021-09-21,288.62,8859.24
2021-09-22,289.62,8861.71
2021-09-23,291.35,8843.27
2021-09-24,288.32,8821.69
2021-09-27,285.44,8832.72
2021-09-28,278.95,8823.03
2021-09-29,279.26,8827.0
2021-09-30,277.98,8823.46
2021-10-01,276.87,8827.35
2021-10-04,274.44,8822.63
2021-10-05,275.72,8813.2
2021-10-06,273.23,8802.94
2021-10-07,275.92,8808.91
2021-10-08,274.12,8798.51
2021-10-11,273.86,8783.06
2021-10-12,274.4,8762.59
2021-10-13,278.41,8771.44
2021-10-14,281.19,8797.79
2021-10-15,282.06,8796.42
2021-10-18,281.56,8783.08
2021-10-19,282.99,8774.01
2021-10-20,283.75,8781.29
2021-10-21,284.88,8770.79
2021-10-22,287.04,8768.61
2021-10-25,286.34,8773.84
2021-10-26,288.41,8776.27
2021-10-27,287.55,8791.19
2021-10-28,289.74,8781.32
2021-10-29,289.33,8764.28
2021-11-02,292.2,8784.64
2021-11-03,292.18,8785.54
2021-11-04,294.35,8814.14
2021-11-05,294.25,8836.63
2021-11-08,295.22,8829.17
2021-11-09,293.88,8844.36
2021-11-10,292.36,8826.11
2021-11-11,,8815.42
2021-11-12,295.61,8820.5
2021-11-15,296.52,8799.71
2021-11-16,296.89,8796.66
2021-11-17,296.31,8785.08
2021-11-18,296.11,8799.51
2021-11-19,296.81,8825.03
2021-11-22,294.28,8809.43
2021-11-23,289.76,8775.98
2021-11-24,289.57,8764.36
2021-11-25,291.5,8764.07
2021-11-26,285.18,8752.54
2021-11-29,286.65,8750.58
2021-11-30,285.23,8760.47
2021-12-01,287.67,8776.64
2021-12-02,284.22,8797.39
2021-12-03,282.3,8808.65
2021-12-06,283.93,8816.22
2021-12-07,291.05,8826.07
2021-12-08,289.48,8808.06
2021-12-09,289.66,8825.85
2021-12-10,288.75,8822.09
2021-12-13,287.47,8834.24
2021-12-14,284.7,8828.25
2021-12-15,286.34,8824.94
2021-12-16,288.22,8822.21
2021-12-17,285.99,8833.15
2021-12-20,282.81,8827.89
2021-12-21,285.61,8806.75
2021-12-22,288.97,8802.0
2021-12-23,289.99,8789.56
2021-12-24,290.09,
2021-12-27,291.48,8785.13
2021-12-28,292.83,8783.1
2021-12-29,292.91,8767.21
2021-12-30,293.34,8765.36
2021-12-31,293.49,8765.47
2022-01-03,293.55,8745.95
2022-01-04,293.64,8751.68
2022-01-05,293.42,8755.48
2022-01-06,287.51,8738.99
2022-01-07,285.36,8730.18
2022-01-10,279.91,8720.3
2022-01-11,281.78,8711.47
2022-01-12,282.72,8719.42
2022-01-13,282.01,8738.07
2022-01-14,277.46,8704.15
2022-01-17,279.57,8690.56
2022-01-18,275.4,8683.84
2022-01-19,275.77,8681.26
2022-01-20,276.35,8689.72
2022-01-21,271.44,8697.0
2022-01-24,260.82,8698.18
2022-01-25,259.32,8687.07
2022-01-26,261.08,8690.64
2022-01-27,261.07,8676.83
2022-01-28,260.17,8659.3
2022-01-31,264.01,8633.44
2022-02-01,266.81,8627.62
2022-02-02,269.14,8628.4
2022-02-03,263.23,8575.23
2022-02-04,259.52,8510.01
2022-02-07,260.22,8472.91
2022-02-08,259.0,8468.05
2022-02-09,263.55,8499.96
2022-02-10,262.29,8473.73
2022-02-11,258.61,8464.07
2022-02-14,254.74,8450.49
2022-02-15,258.94,8446.21
2022-02-16,258.75,8456.91
2022-02-17,257.66,8474.2
2022-02-18,254.99,8486.1
2022-02-21,251.84,8469.94
2022-02-22,253.39,8436.88
2022-02-23,253.06,8437.43
2022-02-24,249.85,8426.3
2022-02-25,256.3,8419.4
2022-02-28,258.69,8454.42
2022-03-01,253.38,8546.53
2022-03-02,254.7,8498.39
2022-03-03,250.48,8501.14
2022-03-04,242.59,8525.17
2022-03-07,240.89,8461.43
2022-03-08,237.16,8407.63
2022-03-09,249.61,8390.21
2022-03-10,247.15,8357.24
2022-03-11,249.46,8359.92
2022-03-14,252.28,8328.3
2022-03-15,251.11,8347.64
2022-03-16,259.21,8333.4
2022-03-17,260.74,8345.56
2022-03-18,263.04,8355.68
2022-03-21,262.07,8336.98
2022-03-22,263.35,8325.19
2022-03-23,261.17,8338.48
2022-03-24,259.84,8318.04
2022-03-25,259.18,8304.16
2022-03-28,261.2,8306.8
2022-03-29,268.28,8309.71
2022-03-30,267.09,8304.5
2022-03-31,264.63,8336.54
2022-04-01,264.76,8335.01
2022-04-04,268.02,8347.17
2022-04-05,267.41,8304.56
2022-04-06,262.61,8291.17
2022-04-07,262.48,8277.33
2022-04-08,263.15,8260.37
2022-04-11,261.44,8226.0
2022-04-12,260.5,8233.77
2022-04-13,260.21,8235.33
2022-04-14,,8227.09
2022-04-19,,8205.96
2022-04-20,,8207.42
2022-04-21,263.6,8170.12
2022-04-22,260.19,8143.04
2022-04-25,257.79,8165.92
2022-04-26,254.51,8157.47
2022-04-27,255.52,8147.82
2022-04-28,259.32,8122.76
2022-04-29,260.09,8106.48
2022-05-02,256.66,8104.69
2022-05-03,256.79,8088.97
2022-05-04,255.53,8078.72
2022-05-05,253.57,8068.53
2022-05-06,248.68,8020.87
2022-05-09,241.73,
2022-05-10,242.0,8030.96
2022-05-11,243.96,8046.97
2022-05-12,242.22,8080.76
2022-05-13,247.87,8071.58
2022-05-16,247.07,8074.5
2022-05-17,250.34,
2022-05-19,245.09,8043.71
2022-05-20,246.3,8056.45
2022-05-23,249.06,8036.42
2022-05-24,246.27,8044.13
2022-05-25,246.27,8051.25
2022-05-27,253.74,8073.09
2022-05-30,255.96,8060.47
2022-05-31,252.52,8043.75
2022-06-01,250.5,8029.2
2022-06-02,253.52,
2022-06-03,252.74,
2022-06-07,253.38,7998.46
2022-06-08,252.14,7979.57
2022-06-09,249.17,7933.58
2022-06-10,244.0,7870.78
2022-06-13,236.68,7772.56
2022-06-14,232.7,7700.29
2022-06-15,235.13,7748.62
2022-06-16,230.28,7699.78
2022-06-17,231.68,7712.05
2022-06-20,232.31,7691.99
2022-06-21,234.42,7701.37
2022-06-22,234.27,7722.16
2022-06-23,234.69,
2022-06-24,240.45,7774.63
2022-06-27,240.21,7751.66
2022-06-28,239.5,7727.91
2022-06-29,236.74,7734.78
2022-06-30,233.98,7754.85
2022-07-01,233.95,7785.97
2022-07-04,233.75,7751.08
2022-07-05,231.43,7809.49
2022-07-06,236.08,7830.37
2022-07-07,238.38,7808.44
2022-07-08,239.26,7830.72
2022-07-11,238.09,7869.91
2022-07-12,238.57,7902.58
2022-07-13,237.48,7883.26
2022-07-14,,7862.94
2022-07-15,239.74,7879.47
2022-07-18,241.5,7854.35
2022-07-19,244.2,7834.52
2022-07-20,244.9,7870.24
2022-07-21,247.26,7877.88
2022-07-22,247.58,7965.64
2022-07-25,246.91,7991.29
2022-07-26,245.6,8010.91
2022-07-27,247.86,7996.97
2022-07-28,251.2,8058.31
2022-07-29,255.5,8068.18
2022-08-01,256.73,8086.43
2022-08-02,254.76,8072.81
2022-08-03,255.85,8052.93
2022-08-04,257.76,8079.93
2022-08-05,255.13,8031.62
2022-08-08,255.74,8047.98
2022-08-09,253.04,8039.5
2022-08-10,256.37,8052.33
2022-08-11,257.24,8042.16
2022-08-12,257.42,8037.3
2022-08-16,258.5,8048.34
2022-08-17,256.83,7984.97
2022-08-18,257.08,7966.95
2022-08-19,255.15,7918.05
2022-08-22,251.34,7867.05
2022-08-23,249.33,7859.52
2022-08-24,250.85,7848.48
2022-08-25,251.53,7870.68
2022-08-26,246.92,7848.78
2022-08-29,244.17,
2022-08-30,243.48,7793.78
2022-08-31,241.81,7764.23
2022-09-01,237.65,7749.66
2022-09-02,240.68,7751.75
2022-09-05,238.51,7745.55
2022-09-06,239.07,7734.27
2022-09-07,239.21,7750.39
2022-09-08,240.57,7722.64
2022-09-09,243.82,7746.96
2022-09-12,246.36,7770.47
2022-09-13,241.21,7741.74
2022-09-14,239.73,7733.7
2022-09-15,237.05,7716.22
2022-09-16,234.34,7710.65
2022-09-19,234.83,
2022-09-20,231.51,7664.46
2022-09-21,232.75,7661.64
2022-09-22,226.56,7640.33
2022-09-23,223.31,7619.13
2022-09-26,222.72,7582.68
2022-09-27,222.51,7545.2
2022-09-28,224.02,7541.25
2022-09-29,219.77,7515.52
2022-09-30,222.33,7534.06
2022-10-03,223.57,7579.11
2022-10-04,231.94,7618.75
2022-10-05,230.29,7568.89
2022-10-06,229.84,7552.64
2022-10-07,225.23,7525.68
2022-10-10,223.76,7493.46
2022-10-11,222.61,7494.49
2022-10-12,221.8,7486.15
2022-10-13,222.62,7470.28
2022-10-14,223.92,7464.38
2022-10-17,227.69,7479.19
2022-10-18,229.56,7487.98
2022-10-19,228.58,7458.12
2022-10-20,230.2,7454.06
2022-10-21,228.85,7454.96
2022-10-24,231.85,7476.2
2022-10-25,236.46,7514.34
2022-10-26,237.58,7536.16
2022-10-27,235.6,7589.4
2022-10-28,235.58,7554.38
2022-10-31,235.17,7563.84
2022-11-02,233.0,7574.01
2022-11-03,229.76,7548.15
2022-11-04,234.59,7548.57
2022-11-07,236.51,7541.7
2022-11-08,239.17,7556.02
2022-11-09,238.59,7584.69
2022-11-10,247.8,7648.84
2022-11-11,,7641.98
2022-11-14,249.11,7651.47
2022-11-15,249.45,7666.13
2022-11-16,245.72,7695.84
2022-11-17,245.24,7685.8
2022-11-18,247.2,7694.81
2022-11-21,246.97,7704.87
2022-11-22,247.52,7718.64
2022-11-23,249.56,7733.77
2022-11-24,250.87,7769.84
2022-11-25,250.64,7739.97
2022-11-28,248.96,7738.01
2022-11-29,247.25,7762.0
2022-11-30,249.65,7758.76
2022-12-01,252.49,7818.92
2022-12-02,252.27,7808.84
2022-12-05,250.88,7796.73
2022-12-06,248.64,7840.71
2022-12-07,247.73,7847.61
2022-12-08,247.61,7835.4
2022-12-09,248.98,7798.84
2022-12-12,248.42,7791.5
2022-12-13,251.98,7811.11
2022-12-14,251.32,7816.4
2022-12-15,244.26,7755.96
2022-12-16,241.13,7721.8
2022-12-19,240.43,7714.14
2022-12-20,238.79,7683.1
2022-12-21,242.07,7682.18
2022-12-22,239.97,7673.9
2022-12-23,240.07,7657.38
2022-12-27,240.4,
2022-12-28,239.41,7639.73
2022-12-29,242.04,7655.28
2022-12-30,239.56,7623.69
2023-01-02,241.91,7654.5
2023-01-03,243.26,7671.58
2023-01-04,247.32,7712.42
2023-01-05,246.46,7699.45
2023-01-06,249.52,7732.0
2023-01-09,252.51,7734.25
2023-01-10,250.97,7716.73
2023-01-11,252.9,7753.62
2023-01-12,253.99,7783.25
2023-01-13,256.1,7794.08
2023-01-16,257.18,7799.34
2023-01-17,257.94,7851.37
2023-01-18,258.49,7861.93
2023-01-19,253.76,7843.52
2023-01-20,254.31,7815.52
2023-01-23,255.81,7810.33
2023-01-24,255.64,7829.76
2023-01-25,254.46,7836.66
2023-01-26,256.07,7826.76
2023-01-27,257.24,7824.64
2023-01-30,255.83,7795.95
2023-01-31,255.89,7806.29
2023-02-01,257.07,7815.3
2023-02-02,263.36,7920.2
2023-02-03,265.24,7915.79
2023-02-06,262.4,7869.64
2023-02-07,260.87,7851.87
2023-02-08,260.37,7845.52
2023-02-09,260.53,7861.66
2023-02-10,257.75,7831.01
2023-02-13,259.64,7817.7
2023-02-14,259.86,7793.6
2023-02-15,261.85,7780.08
2023-02-16,263.05,7781.35
2023-02-17,262.65,7785.58
2023-02-20,262.82,7779.08
2023-02-21,261.41,7745.24
2023-02-22,260.52,7740.1
2023-02-23,261.3,7759.45
2023-02-24,259.43,7735.67
2023-02-27,262.17,7722.21
2023-02-28,261.89,7696.15
2023-03-01,261.71,7678.66
2023-03-02,262.61,7668.41
2023-03-03,265.08,7676.75
2023-03-06,265.36,7669.89
2023-03-07,263.44,7685.82
2023-03-08,264.0,7693.07
2023-03-09,263.74,7698.12
2023-03-10,260.42,7725.98
2023-03-13,255.41,7763.8
2023-03-14,258.98,7699.11
2023-03-15,252.59,7775.25
2023-03-16,256.76,7699.67
2023-03-17,253.88,7745.32
2023-03-20,255.26,7701.41
2023-03-21,257.62,7709.06
2023-03-22,257.8,7719.26
2023-03-23,258.73,7757.03
2023-03-24,255.13,7755.76
2023-03-27,256.29,7720.48
2023-03-28,255.04,7697.27
2023-03-29,258.62,7692.2
2023-03-30,262.12,7691.6
2023-03-31,264.05,7731.35
2023-04-03,262.96,7758.97
2023-04-04,262.78,7770.05
2023-04-05,259.74,7786.92
2023-04-06,260.3,7785.82
2023-04-11,262.18,7745.06
2023-04-12,262.69,7725.8
2023-04-13,264.47,7733.76
2023-04-14,265.2,7719.88
2023-04-17,264.11,7724.14
2023-04-18,265.97,7734.08
2023-04-19,264.94,7720.48
2023-04-20,263.98,7735.96
2023-04-21,265.6,7724.92
2023-04-24,265.15,7715.39
2023-04-25,263.76,7750.43
2023-04-26,262.46,7736.17
2023-04-27,263.99,7722.95
2023-04-28,266.21,7792.69
2023-05-02,265.31,7810.87
2023-05-03,265.89,7789.11
2023-05-04,263.44,7810.91
2023-05-05,266.18,7781.22
2023-05-08,,7771.91
2023-05-09,265.61,
2023-05-10,265.39,7780.38
2023-05-11,265.88,7799.97
2023-05-12,266.58,7788.16
2023-05-15,267.05,7777.77
2023-05-16,266.47,7755.62
2023-05-17,265.72,7746.37
2023-05-19,269.25,7741.96
2023-05-22,270.04,7734.02
2023-05-23,266.69,7736.35
2023-05-24,262.9,7731.3
2023-05-25,263.17,7718.42
2023-05-26,266.3,7713.61
2023-05-30,264.17,7779.9
2023-05-31,262.85,7801.6
2023-06-01,264.47,7811.31
2023-06-02,267.8,7794.21
2023-06-05,266.83,7777.16
2023-06-06,268.08,7785.74
2023-06-07,268.16,7765.67
2023-06-08,268.1,7786.51
2023-06-09,267.57,7798.01
2023-06-12,270.32,7804.29
2023-06-13,272.13,7796.09
2023-06-14,273.21,7787.18
2023-06-15,272.46,7758.84
2023-06-16,274.0,7768.79
2023-06-19,271.08,7760.81
2023-06-20,269.5,7790.79
2023-06-21,267.5,7777.98
2023-06-22,266.27,7751.47
2023-06-23,260.95,
2023-06-26,261.44,7801.77
2023-06-27,261.94,7781.88
2023-06-28,264.84,7797.12
2023-06-29,265.82,7770.46
2023-06-30,268.12,7779.38
2023-07-03,267.18,7774.22
2023-07-04,267.5,7784.07
2023-07-05,265.21,7784.23
2023-07-06,258.73,7739.96
2023-07-07,260.67,7741.19
2023-07-10,260.9,7738.89
2023-07-11,263.24,7740.99
2023-07-12,267.52,7787.59
2023-07-13,269.83,7828.52
2023-07-14,,7820.05
2023-07-17,268.47,7827.05
2023-07-18,269.05,7863.42
2023-07-19,270.26,7858.3
2023-07-20,269.65,7842.6
2023-07-21,270.02,7850.09
2023-07-24,269.98,7867.92
2023-07-25,270.78,7868.63
2023-07-26,268.99,7848.11
2023-07-27,273.4,7864.67
2023-07-28,272.44,
2023-07-31,272.34,7873.36
2023-08-01,271.33,7860.4
2023-08-02,268.71,7867.53
2023-08-03,266.15,7850.52
2023-08-04,266.81,7858.53
2023-08-07,266.94,7854.82
2023-08-08,267.27,7887.92
2023-08-09,267.03,7879.84
2023-08-10,269.44,7871.5
2023-08-11,266.44,7844.16
2023-08-14,266.56,7837.04
2023-08-16,264.77,7827.1
2023-08-17,261.76,7806.9
2023-08-18,260.39,7828.73
2023-08-21,260.92,7800.3
2023-08-22,262.75,7818.68
2023-08-23,264.14,7865.05
2023-08-24,262.26,7873.25
2023-08-25,261.98,7853.72
2023-08-28,264.7,7852.33
2023-08-29,267.08,7867.64
2023-08-30,266.76,7858.75
2023-08-31,266.6,7890.35
2023-09-01,266.42,7874.92
2023-09-04,266.04,7864.73
2023-09-05,264.76,7856.63
2023-09-06,263.23,7839.66
2023-09-07,261.3,7852.48
2023-09-08,261.88,7860.17
2023-09-11,261.68,7863.04
2023-09-12,260.67,7864.06
2023-09-13,259.77,7857.73
2023-09-14,262.29,7883.73
2023-09-15,262.52,7870.69
2023-09-18,258.91,7859.6
2023-09-19,258.48,7852.22
2023-09-20,261.1,7864.78
2023-09-21,256.36,7854.87
2023-09-22,256.12,7836.15
2023-09-25,253.61,7838.9
2023-09-26,251.82,7827.33
2023-09-27,250.93,7811.59
2023-09-28,251.33,7773.68
2023-09-29,253.15,7820.72
2023-10-02,250.22,7800.9
2023-10-03,246.18,7786.42
2023-10-04,247.04,7780.49
2023-10-05,246.01,7796.01
2023-10-06,247.9,7792.45
2023-10-09,245.43,7824.91
2023-10-10,250.46,7830.25
2023-10-11,251.07,7845.27
2023-10-12,250.85,7834.28
2023-10-13,246.94,7844.32
2023-10-16,246.98,7830.65
2023-10-17,,7798.08
2023-10-18,244.05,7784.73
2023-10-19,241.92,7775.22
2023-10-20,237.88,7789.96
2023-10-23,238.47,7791.95
2023-10-24,239.34,7821.33
2023-10-25,236.38,7809.94
2023-10-26,235.65,7820.27
2023-10-27,234.85,7834.58
2023-10-30,235.27,7847.79
2023-10-31,238.02,7860.33
2023-11-02,245.35,7909.89
2023-11-03,247.72,7935.81
2023-11-06,246.1,7912.46
2023-11-07,245.64,7928.7
2023-11-08,246.86,7940.95
2023-11-09,248.83,7941.96
2023-11-10,246.94,7922.19
2023-11-13,247.54,7928.42
2023-11-14,252.61,7981.23
2023-11-15,254.22,7980.19
2023-11-16,253.36,7994.86
2023-11-17,254.82,7994.89
2023-11-20,255.01,7984.67
2023-11-21,254.03,7999.17
2023-11-22,256.09,7999.55
2023-11-23,255.49,7988.31
2023-11-24,256.45,7982.04
2023-11-27,255.74,8013.91
2023-11-28,254.85,8035.25
2023-11-29,256.76,8071.96
2023-11-30,258.4,8081.74
2023-12-01,260.03,8119.17
2023-12-04,258.72,8130.21
2023-12-05,259.47,8165.3
2023-12-06,261.87,8183.69
2023-12-07,261.32,8189.78
2023-12-08,262.86,8161.32
2023-12-11,263.2,8163.2
2023-12-12,263.23,8176.08
2023-12-13,263.59,8196.57
2023-12-14,267.95,8253.4
2023-12-15,268.54,8289.83
2023-12-18,267.02,8273.29
2023-12-19,268.45,8292.33
2023-12-20,268.87,8312.84
2023-12-21,268.45,8319.56
2023-12-22,268.04,8321.88
2023-12-27,268.96,8345.0
2023-12-28,268.36,8339.61
2023-12-29,268.52,8319.06
2024-01-02,266.16,8299.08
2024-01-03,261.5,8289.1
2024-01-04,262.13,8257.49
2024-01-05,260.93,8243.85
2024-01-08,262.67,8249.59
2024-01-09,262.02,8238.71
2024-01-10,261.67,8235.82
2024-01-11,261.0,8251.73
2024-01-12,263.37,
2024-01-15,262.29,8262.6
2024-01-16,261.2,8253.21
2024-01-17,258.62,8226.96
2024-01-18,261.36,8231.59
2024-01-19,260.68,8236.79
2024-01-22,262.92,8260.15
2024-01-23,262.73,8249.33
2024-01-24,265.39,8257.99
2024-01-25,265.94,8284.38
2024-01-26,268.07,8293.54
2024-01-29,268.5,8319.0
2024-01-30,269.21,8311.39
2024-01-31,269.67,8340.56
2024-02-01,268.26,8337.79
2024-02-02,268.28,8307.77
2024-02-05,267.86,8284.43
2024-02-06,268.93,8289.53
2024-02-07,269.86,8281.68
2024-02-08,271.79,8272.01
2024-02-09,273.04,8262.74
2024-02-12,274.06,8272.36
2024-02-13,271.52,8262.75
2024-02-14,273.63,8281.02
2024-02-15,275.58,8280.42
2024-02-16,276.77,8271.91
2024-02-19,275.39,8275.76
2024-02-20,274.4,8291.56
2024-02-21,273.47,8272.76
2024-02-22,278.06,8280.02
2024-02-23,278.61,8305.85
2024-02-26,277.48,8287.32
2024-02-27,277.79,8277.7
2024-02-28,275.89,8270.8
2024-02-29,275.2,8280.14
2024-03-01,277.3,8283.01
2024-03-04,278.0,8289.55
2024-03-05,275.45,8307.33
2024-03-06,276.56,8308.76
2024-03-07,280.98,8323.4
2024-03-08,279.4,8349.48
2024-03-11,277.3,8341.65
2024-03-12,278.91,8339.54
2024-03-13,278.37,8342.01
2024-03-14,277.95,8330.19
2024-03-15,276.45,8321.96
2024-03-18,276.27,8320.04
2024-03-19,276.94,8321.65
2024-03-20,276.49,8322.58
2024-03-21,276.73,8341.27
2024-03-22,275.96,8362.37
2024-03-25,275.86,8346.85
2024-03-26,276.5,8352.71
2024-03-27,277.34,8387.87
2024-03-28,276.9,8390.02
2024-04-02,274.94,8360.24
2024-04-03,276.35,8364.35
2024-04-04,275.81,8380.86
2024-04-05,274.02,8371.13
2024-04-08,275.09,8360.92
2024-04-09,274.39,8381.66
2024-04-10,272.74,8360.48
2024-04-11,272.59,8346.32
2024-04-12,271.42,8374.84
2024-04-15,270.79,8339.92
2024-04-16,268.56,8307.2
2024-04-17,268.4,8319.1
2024-04-18,269.19,8315.46
2024-04-19,267.56,8310.71
2024-04-22,269.07,8325.45
2024-04-23,271.93,8328.34
2024-04-24,271.25,8303.96
2024-04-25,268.46,8286.39
2024-04-26,271.53,8303.06
2024-04-29,271.51,8320.61
2024-04-30,270.56,8303.24
2024-05-02,269.85,8318.83
2024-05-03,272.04,8342.97
2024-05-06,273.67,8352.91
2024-05-07,276.82,8373.67
2024-05-08,,8364.97
2024-05-10,278.97,8354.9
2024-05-13,278.75,8357.31
2024-05-14,280.37,8344.77
2024-05-15,281.79,8384.78
2024-05-16,280.72,8380.21
2024-05-17,279.76,8362.47
2024-05-21,280.2,8370.53
2024-05-22,279.94,8360.67
2024-05-23,280.32,8343.8
2024-05-24,280.39,8347.19
2024-05-27,281.59,8360.68
2024-05-28,280.49,8352.07
2024-05-29,277.14,8326.8
2024-05-30,278.89,8335.48
2024-05-31,279.48,8333.87
2024-06-03,279.98,8360.15
2024-06-04,280.13,8374.16
2024-06-05,283.01,8379.95
2024-06-06,283.95,8369.64
2024-06-07,283.28,8347.01
2024-06-10,280.67,8329.4
2024-06-11,278.33,8339.02
2024-06-12,281.21,8370.37
2024-06-13,275.5,8400.15
2024-06-14,,8398.65
2024-06-17,269.67,8374.94
2024-06-18,271.95,8388.95
2024-06-19,270.02,8390.59
2024-06-20,273.81,8386.86
2024-06-21,271.01,8396.92
2024-06-24,272.66,8392.6
2024-06-25,272.76,8399.64
2024-06-26,270.91,8392.37
2024-06-27,268.64,8396.98
2024-06-28,266.77,8388.28
2024-07-01,268.81,8377.2
2024-07-02,268.79,8382.51
2024-07-03,271.44,8404.35
2024-07-04,272.83,8404.26
2024-07-05,272.66,8425.18
2024-07-08,272.4,8434.92
2024-07-09,268.26,8425.01
2024-07-10,270.26,8436.47
2024-07-11,272.96,8464.31
2024-07-12,275.66,8455.57
2024-07-15,273.38,8463.2
2024-07-16,272.73,8475.2
2024-07-17,270.24,8475.36
2024-07-18,270.29,8480.25
2024-07-19,268.01,8470.42
2024-07-22,270.79,8461.77
2024-07-23,269.98,8483.35
2024-07-24,268.22,8491.19
2024-07-25,264.22,8497.33
2024-07-26,266.98,8502.38
2024-07-29,265.72,8516.83
2024-07-30,266.12,8526.92
2024-07-31,268.24,8540.99
2024-08-01,263.94,8561.85
2024-08-02,257.62,8566.95
2024-08-05,252.84,8532.72
2024-08-06,254.19,8538.39
2024-08-07,256.44,8536.75
2024-08-08,255.57,8540.51
2024-08-09,256.83,8552.74
2024-08-12,256.07,8553.34
2024-08-13,257.58,8566.82
2024-08-14,258.98,8570.26
2024-08-16,262.76,8562.09
2024-08-19,264.09,8564.77
2024-08-20,262.36,8576.44
2024-08-21,263.26,8587.38
2024-08-22,263.32,8574.77
2024-08-23,264.32,8582.58
2024-08-26,264.14,8577.49
2024-08-27,263.37,8569.94
2024-08-28,263.99,8577.14
2024-08-29,266.54,8579.28
2024-08-30,267.72,8572.5
2024-09-02,266.71,8559.68
2024-09-03,264.93,8577.52
2024-09-04,262.26,8593.85
2024-09-05,260.79,8603.12
2024-09-06,256.55,8618.75
2024-09-09,258.04,8623.4
2024-09-10,257.42,8632.28
2024-09-11,257.9,8630.55
2024-09-12,260.1,8620.94
2024-09-13,261.65,8627.06
2024-09-16,260.0,8640.44
2024-09-17,261.32,8638.12
2024-09-18,259.67,8627.82
2024-09-19,264.35,8642.55
2024-09-20,260.17,8639.59
2024-09-23,259.75,8657.42
2024-09-24,260.95,8668.05
2024-09-25,261.79,8655.49
2024-09-26,267.33,8656.04
2024-09-27,268.2,8671.54
2024-09-30,263.93,8678.64
2024-10-01,262.46,8706.5
2024-10-02,262.16,8696.62
2024-10-03,260.07,8687.02
2024-10-04,261.85,8662.44
2024-10-07,261.41,8649.7
2024-10-08,261.11,8654.9
2024-10-09,262.38,8649.56
2024-10-10,260.98,8657.04
2024-10-11,262.03,8657.01
2024-10-14,262.51,8657.98
2024-10-15,259.4,8681.69
2024-10-16,258.72,8698.67
2024-10-17,259.6,8705.74
2024-10-18,261.34,8721.57
2024-10-21,259.07,8694.03
2024-10-22,258.34,8681.03
2024-10-23,257.0,8692.68
2024-10-24,255.61,8709.15
2024-10-25,254.67,8697.82
2024-10-28,256.44,8703.06
2024-10-29,255.29,8686.16
2024-10-30,252.03,8652.95
2024-10-31,250.43,8644.76
2024-11-04,250.31,8651.41
2024-11-05,250.49,8641.28
2024-11-06,248.5,8678.98
2024-11-07,250.36,8667.86
2024-11-08,248.52,8691.33
2024-11-11,,8713.7
2024-11-12,246.89,8709.48
2024-11-13,246.13,8699.59
2024-11-14,248.24,8721.25
2024-11-15,245.6,8715.98
2024-11-18,245.13,8702.59
2024-11-19,244.1,8705.96
2024-11-20,242.96,8704.86
2024-11-21,243.78,8710.53
2024-11-22,245.87,8740.51
2024-11-25,248.26,8748.53
2024-11-26,246.82,8753.27
2024-11-27,244.86,8755.85
2024-11-28,245.94,8773.59
2024-11-29,246.78,8792.21
2024-12-02,245.66,8828.03
2024-12-03,246.0,8809.36
2024-12-04,247.39,8814.67
2024-12-05,248.86,8804.53
2024-12-06,251.29,8812.9
2024-12-09,252.19,8822.57
2024-12-10,251.56,8828.12
2024-12-11,251.77,8830.06
2024-12-12,250.34,8815.45
2024-12-13,250.05,8793.88
2024-12-16,248.87,8795.58
2024-12-17,248.46,8793.41
2024-12-18,249.31,8788.88
2024-12-19,246.53,8763.09
2024-12-20,244.81,8770.65
2024-12-23,246.09,8760.14
2024-12-24,246.82,
2024-12-27,248.34,8745.9
2024-12-30,246.77,8758.6
2024-12-31,249.0,8757.16
2025-01-02,248.96,8758.28
2025-01-03,247.64,8733.91
2025-01-06,251.5,8718.19
2025-01-07,250.92,8714.95
2025-01-08,249.55,8707.9
2025-01-09,250.11,8697.9
2025-01-10,247.87,8686.47
2025-01-13,246.44,8672.3
2025-01-14,245.78,8661.53
2025-01-15,248.31,8701.74
2025-01-16,250.38,8714.58
2025-01-17,251.36,8730.12
2025-01-20,252.11,8737.82
2025-01-21,253.1,8743.77
2025-01-22,254.59,8744.12
2025-01-23,254.49,8735.85
2025-01-24,255.1,8723.01
2025-01-27,254.6,8731.88
2025-01-28,256.46,8730.19
2025-01-29,256.85,8735.49
2025-01-30,259.31,8766.49
2025-01-31,259.48,8803.71
2025-02-03,256.26,8818.71
2025-02-04,257.98,8819.73
2025-02-05,258.39,8836.08
2025-02-07,256.27,8834.74
2025-02-10,257.43,8845.46
2025-02-11,258.4,8817.54
2025-02-12,258.17,8798.2
2025-02-13,261.9,8830.15
2025-02-14,262.77,8833.75
2025-02-17,262.67,8818.65
2025-02-18,261.16,8819.68
2025-02-19,258.9,8800.2
2025-02-20,259.02,8808.05
2025-02-21,260.76,8834.21
2025-02-24,259.93,8837.29
2025-02-25,259.03,8835.37
2025-02-26,260.66,8841.44
2025-02-27,258.34,8854.06
2025-02-28,257.82,8858.49
2025-03-03,258.55,8825.67
2025-03-04,253.89,8831.72
2025-03-05,258.9,8733.09
2025-03-06,259.93,8694.15
2025-03-07,258.28,8719.71
2025-03-10,256.15,8729.11
2025-03-11,252.04,8706.03
2025-03-12,252.4,8692.66
2025-03-13,250.01,8692.24
2025-03-14,252.56,8687.16
2025-03-17,253.54,8712.61
2025-03-18,254.8,8715.9
2025-03-19,255.57,8720.77
2025-03-20,254.25,8729.51
2025-03-21,251.78,8739.75
2025-03-24,251.55,8735.8
2025-03-25,252.61,8733.12
2025-03-26,250.85,8736.64
2025-03-27,249.46,8745.74
2025-03-28,247.64,8760.63
2025-03-31,243.7,8746.89
2025-04-01,245.7,8764.01
2025-04-02,245.7,8760.38
2025-04-03,240.0,8774.11
2025-04-04,231.37,8749.53
2025-04-07,223.94,8722.42
2025-04-08,,8734.59
2025-04-09,,8717.19
