,IRLTLT01GRM156N,CRIIRLTLT01STM,IRLTLT01SEM156N,IRLTLT01NOM156N,IRLTLT01FIM156N,IRLTLT01DKM156N,IRLTLT01ISM156N,LVAIRLTLT01STM,IRLTLT01LUM156N,COLIRLTLT01STM,IRLTLT01FRM156N,IRLTLT01DEM156N,IRLTLT01GBM156N,IRLTLT01CAM156N
2000-01-01,6.6,9.77,5.95,6.36,5.74,5.869,4.84,7.64,5.645,15.89,5.6682,5.53952380952381,5.8227,6.4915
2000-02-01,6.49,9.77,5.9,6.33,5.72,5.847,4.6,7.64,5.705,15.89,5.6293,5.508571428571429,5.6347,6.338571428571429
2000-03-01,6.24,9.77,5.51,6.14,5.5,5.65,4.9,7.64,5.558,15.89,5.4491,5.33304347826087,5.3707,6.02826086956522
2000-04-01,6.11,9.77,5.42,6.09,5.46,5.574,5.15,7.64,5.417999999999999,15.89,5.353,5.22555555555556,5.3213,5.9242105263157905
2000-05-01,6.22,9.77,5.34,6.25,5.59,5.768,5.5,7.64,5.596,15.89,5.5014,5.37818181818182,5.4033,6.215
2000-06-01,6.06,9.77,5.13,6.09,5.39,5.67,5.35,7.64,5.375,15.89,5.33,5.19136363636364,5.2097,5.89545454545455
2000-07-01,6.08,9.77,5.31,6.22,5.48,5.756,5.6,7.64,5.57,15.89,5.4119,5.266190476190481,5.2388,5.8635
2000-08-01,6.04,9.77,5.31,6.18,5.43,5.642,5.6,7.64,5.49,15.89,5.3677,5.210434782608701,5.3312,5.76636363636364
2000-09-01,6.05,9.77,5.26,6.34,5.49,5.662999999999999,5.5,7.64,5.5729999999999995,15.89,5.4256,5.26333333333333,5.3873,5.7295
2000-10-01,5.97,9.77,5.23,6.37,5.45,5.57,5.55,7.64,5.513,15.89,5.3589,5.20714285714286,5.2179,5.72333333333333
2000-11-01,5.87,9.77,5.13,6.24,5.4,5.489,5.55,7.64,5.569,15.89,5.2895,5.15363636363636,5.0983,5.727142857142861
2000-12-01,5.54,9.77,4.92,6.01,5.14,5.204,5.5,7.64,5.206,15.89,5.0466,4.89052631578947,4.9118,5.40210526315789
2001-01-01,5.35,9.77,4.89,5.95,5.02,5.088,5.56,7.64,5.06,15.89,4.9487,4.80318181818182,4.8471,5.41863636363636
2001-02-01,5.35,9.77,4.86,5.96,5.02,5.062,5.56,7.82,5.083,15.89,4.9385,4.7775,4.8248,5.43
2001-03-01,5.28,9.77,4.75,6.01,4.94,4.945,5.45,7.9,4.93,15.89,4.8405,4.667727272727269,4.703,5.30136363636364
2001-04-01,5.39,9.77,4.93,6.22,5.1,5.136,5.7,7.9,5.05,15.89,5.0126,4.827894736842111,4.9468,5.5915
2001-05-01,5.54,9.77,5.27,6.48,5.29,5.348,5.03,7.54,5.297999999999999,15.89,5.2132,5.046818181818179,5.1153,5.85136363636364
2001-06-01,5.48,9.77,5.38,6.59,5.26,5.327999999999999,5.06,7.6,5.145,15.89,5.152,5.0,5.1951,5.71809523809524
2001-07-01,5.52,9.77,5.42,6.65,5.27,5.315,5.37,7.75,5.0489999999999995,15.89,5.1495,5.01590909090909,5.2037,5.80047619047619
2001-08-01,5.33,9.77,5.16,6.45,5.06,5.12,5.13,7.66,4.806,15.89,4.9543,4.82391304347826,4.9854,5.53090909090909
2001-09-01,5.31,9.77,5.26,6.4,5.06,5.113,4.93,7.58,4.672,15.89,4.948,4.813,4.9876,5.30263157894737
2001-10-01,5.07,9.77,5.17,6.1,4.83,4.8580000000000005,5.16,7.48,4.4110000000000005,15.89,4.746,4.5995652173913,4.8253,5.23272727272727
2001-11-01,4.9,9.77,4.96,5.86,4.69,4.665,5.1,7.08,4.293,15.89,4.6109,4.44772727272727,4.6271,5.177142857142861
2001-12-01,5.13,9.77,5.24,6.17,4.98,4.9719999999999995,5.08,6.93,4.511,15.89,4.9004,4.7358823529411795,4.8928,5.40842105263158
2002-01-01,5.23,9.77,5.27,6.23,5.05,5.083,5.16,6.35,4.838,15.89,4.9489,4.86272727272727,4.9171,5.34363636363636
2002-02-01,5.31,9.77,5.36,6.35,5.1,5.145,5.43,5.98,4.906000000000001,15.89,5.0021,4.9195,4.9251,5.321000000000001
2002-03-01,5.51,9.77,5.63,6.63,5.33,5.398,5.33,5.8,5.1610000000000005,15.89,5.2611,5.1610000000000005,5.2202,5.667000000000001
2002-04-01,5.51,9.77,5.69,6.71,5.32,5.403,5.39,5.78,5.191,15.89,5.2452,5.1552380952381,5.2331,5.658636363636361
2002-05-01,5.52,9.77,5.69,6.77,5.4,5.417000000000001,5.34,5.59,5.152,15.89,5.2575,5.167727272727269,5.2689,5.59590909090909
2002-06-01,5.36,9.77,5.52,6.78,5.26,5.271,5.4,5.38,5.093999999999999,15.89,5.1131,5.0175,5.099,5.4239999999999995
2002-07-01,5.21,9.77,5.37,6.56,5.1,5.13,5.34,5.34,4.871,15.89,4.9538,4.86739130434783,5.0027,5.2904545454545495
2002-08-01,4.95,9.77,5.13,6.31,4.81,4.875,5.2855,5.34,4.702,15.89,4.6739999999999995,4.58954545454545,4.746,5.12047619047619
2002-09-01,4.73,9.77,4.97,6.06,4.61,4.74,5.1415,5.14,4.332,15.89,4.4872,4.38523809523809,4.5006,4.8855
2002-10-01,4.79,9.77,5.07,6.16,4.68,4.81,5.0092,4.88,4.112,15.89,4.59,4.46391304347826,4.6160000000000005,5.1272727272727305
2002-11-01,4.76,9.77,5.05,6.12,4.66,4.792,4.9779,4.79,4.112,15.89,4.5779,4.47761904761905,4.6378,5.0895
2002-12-01,4.58,9.77,4.89,5.93,4.45,4.607,4.9779,4.53,3.967,15.89,4.4008,4.33555555555556,4.5644,4.9675
2003-01-01,4.43,9.77,4.7,5.68,4.26,4.426,4.7,4.62,3.6239999999999997,15.89,4.2235,4.18,4.3899,4.961818181818179
2003-02-01,4.24,9.77,4.47,5.32,4.06,4.21,4.7,4.77,3.55,16.1,4.0138,3.955,4.2131,5.012
2003-03-01,4.26,9.77,4.57,5.25,4.09,4.263999999999999,4.8,4.99,3.55,14.55,4.1204,4.000476190476189,4.3243,4.99714285714286
2003-04-01,4.38,9.77,4.72,5.31,4.23,4.409,4.6,4.99,3.55,16.18,4.226,4.147,4.4663,5.05190476190476
2003-05-01,4.02,9.77,4.37,4.97,3.91,4.088,4.4,4.95,3.55,14.97,3.9059,3.8152380952381004,4.2197,4.67190476190476
2003-06-01,3.81,9.77,4.2,4.5,3.7,3.8510000000000004,4.3,4.89,2.8480000000000003,15.23,3.6994,3.61666666666667,4.1127,4.28809523809524
2003-07-01,4.12,9.77,4.51,4.9,4.01,4.166,4.2,4.78,2.8539999999999996,14.96,4.0117,3.9726086956521702,4.4078,4.68318181818182
2003-08-01,4.29,9.77,4.7,5.01,4.18,4.351,4.029,4.8,3.175,15.05,4.164,4.13,4.604,4.902
2003-09-01,4.32,9.77,4.73,4.91,4.2,4.4,4.3447,4.96,3.222,15.34,4.2069,4.17136363636364,4.7132,4.757142857142861
2003-10-01,4.38,9.77,4.85,4.94,4.26,4.438,4.2,4.98,3.196,14.41,4.2921,4.22130434782609,4.9071,4.81545454545455
2003-11-01,4.51,9.77,4.98,4.97,4.39,4.572,4.3,5.01,3.383,14.81,4.423,4.353,5.065,4.85684210526316
2003-12-01,4.46,9.77,4.86,4.78,4.33,4.518,4.3,5.07,3.29,14.77,4.3378,4.291052631578951,4.896,4.729047619047621
2004-01-01,4.37,9.77,4.65,4.54,4.16,4.35,4.3,5.06,3.01,14.46,4.1988,4.17095238095238,4.7875,4.58619047619048
2004-02-01,4.35,9.77,4.55,4.29,4.11,4.298,3.96,5.05,2.938,14.38,4.138999999999999,4.11,4.8056,4.4515
2004-03-01,4.16,9.77,4.31,4.12,3.92,4.0969999999999995,3.9,4.98,2.694,13.27,3.988,3.91347826086957,4.7088,4.260434782608701
2004-04-01,4.35,9.77,4.55,4.67,4.1,4.301,3.68,4.89,2.767,12.77,4.1986,4.0969999999999995,4.957,4.612857142857139
2004-05-01,4.49,9.77,4.68,4.91,4.25,4.463,4.03,4.95,3.048,14.49,4.3455,4.25333333333333,5.1118,4.773
2004-06-01,4.55,9.77,4.72,4.72,4.48,4.532,3.9,4.93,3.1239999999999997,15.27,4.3894,4.31272727272727,5.2,4.93272727272727
2004-07-01,4.44,9.77,4.57,4.47,4.36,4.62,3.86,4.89,3.035,15.52,4.2704,4.2368181818181805,5.1083,4.75
2004-08-01,4.28,9.77,4.42,4.29,4.21,4.4510000000000005,3.68,4.88,2.86,15.13,4.1086,4.0804545454545496,5.0071,4.63095238095238
2004-09-01,4.22,9.77,4.37,4.23,4.14,4.375,3.69,4.87,2.826,14.65,4.088,4.01636363636364,4.9109,4.60238095238095
2004-10-01,4.11,9.77,4.25,4.19,4.01,4.229,3.68,4.63,2.6919999999999997,14.63,3.9724,3.8947619047618995,4.7683,4.55
2004-11-01,3.97,9.77,4.13,4.05,3.89,4.093,3.61,4.58,2.5860000000000003,13.94,3.8531,3.7804545454545497,4.6903,4.4847619047619105
2004-12-01,3.77,9.77,3.9,3.94,3.68,3.846,3.61,4.58,2.541,13.58,3.6432,3.57952380952381,4.5316,4.32047619047619
2005-01-01,3.69,9.77,3.84,3.9,3.6,3.735,3.49,4.29,2.546,13.36,3.5736,3.5647619047619,4.5419,4.2605
2005-02-01,3.69,9.77,3.76,3.77,3.57,3.64,3.44,4.03,2.562,13.09,3.5987,3.5439999999999996,4.5884,4.205
2005-03-01,3.92,9.77,3.86,4.02,3.72,3.815,3.63,3.94,2.58,13.41,3.7462,3.69619047619048,4.796,4.35818181818182
2005-04-01,3.76,9.77,3.58,3.87,3.51,3.582,3.54,3.87,2.451,13.64,3.5392,3.4823809523809506,4.6218,4.19380952380952
2005-05-01,3.6,9.77,3.34,3.7,3.33,3.386,3.62,3.87,2.282,13.32,3.373,3.30409090909091,4.4173,4.07380952380952
2005-06-01,3.44,9.77,3.11,3.55,3.16,3.158,3.56,3.87,2.117,12.37,3.1987,3.1263636363636405,4.2847,3.82818181818182
2005-07-01,3.46,9.77,3.06,3.56,3.18,3.205,3.66,3.87,2.168,11.33,3.273,3.20571428571429,4.3011,3.8995
2005-08-01,3.47,9.77,3.14,3.62,3.21,3.24,3.6,3.87,2.249,10.82,3.2953,3.23260869565217,4.3249,3.92045454545455
2005-09-01,3.3,9.77,2.98,3.49,3.04,3.051,3.6,3.87,2.191,8.92,3.1317,3.06772727272727,4.2109,3.8685714285714305
2005-10-01,3.45,9.77,3.17,3.68,3.19,3.218,4.0,3.87,2.418,9.67,3.2972,3.2385714285714307,4.3482,4.047
2005-11-01,3.67,9.77,3.38,3.96,3.4,3.4619999999999997,4.22,3.56,2.6460000000000004,9.5,3.4915,3.44818181818182,4.3129,4.107142857142859
2005-12-01,3.57,9.77,3.37,3.83,3.3,3.353,4.09,3.59,2.738,9.23,3.3703,3.3376190476190497,4.2186,4.041
2006-01-01,3.6,9.77,3.32,3.65,3.28,3.3110000000000004,4.46,3.6,2.822,8.39,3.3465,3.3213636363636403,4.0752,4.0290476190476205
2006-02-01,3.77,9.77,3.42,3.72,3.44,3.484,4.04,3.6,2.822,7.26,3.509,3.4725,4.1543,4.17
2006-03-01,3.95,9.77,3.55,3.84,3.62,3.7039999999999997,4.37,3.6,2.822,7.82,3.6887,3.6373913043478296,4.3177,4.199565217391299
2006-04-01,4.23,9.77,3.84,4.07,3.88,3.975,4.2629,3.6,2.822,9.01,3.9528,3.895,4.5177,4.41578947368421
2006-05-01,4.3,9.77,3.89,4.17,3.94,4.022,4.0274,3.6,3.083,9.97,4.0035,3.96272727272727,4.6488,4.39954545454545
2006-06-01,4.31,9.77,3.93,4.26,4.02,4.029,4.3804,4.14,3.3760000000000003,10.91,4.0088,3.96045454545455,4.6645,4.44136363636364
2006-07-01,4.33,9.77,3.96,4.31,4.06,4.063,4.4601,4.32,3.49,9.73,4.021,4.01,4.656000000000001,4.444
2006-08-01,4.19,9.77,3.84,4.2,3.94,3.9339999999999997,4.2802,4.36,3.576,9.57,3.8926,3.88391304347826,4.6535,4.25272727272727
2006-09-01,4.06,9.77,3.7,4.12,3.8,3.792,4.1037,4.38,3.67,9.66,3.7623,3.75380952380952,4.5522,4.06857142857143
2006-10-01,4.08,9.77,3.73,4.18,3.84,3.878,4.5527,4.55,3.674,9.32,3.8110000000000004,3.78772727272727,4.6155,4.10666666666667
2006-11-01,3.98,9.77,3.62,4.16,3.75,3.775,4.7778,4.95,3.721,9.27,3.7395,3.7140909090909098,4.5452,3.99952380952381
2006-12-01,4.04,9.77,3.65,4.24,3.82,3.7769999999999997,4.8661,4.9,3.766,8.96,3.8273,3.77052631578947,4.6195,3.9663157894736805
2007-01-01,4.27,9.77,3.9,4.39,4.05,3.9960000000000004,4.81524212,4.92,3.833,9.45,4.0711,4.01681818181818,4.8694,4.12181818181818
2007-02-01,4.3,9.77,3.93,4.52,4.08,4.053999999999999,4.91612464,5.07,3.906,9.86,4.0935,4.0489999999999995,4.896,4.1175
2007-03-01,4.2,9.77,3.79,4.45,3.98,3.958,4.61409083,5.14,4.016,9.94,3.9995,3.94090909090909,4.8194,4.04590909090909
2007-04-01,4.4,9.77,4.04,4.71,4.2,4.1819999999999995,4.68994742,5.52,4.263999999999999,10.08,4.2139999999999995,4.1521052631579,5.0439,4.1715
2007-05-01,4.51,9.77,4.15,4.88,4.33,4.336,4.71316657,6.03,4.633,9.88,4.3425,4.2790476190476205,5.1458,4.29272727272727
2007-06-01,4.8,9.77,4.44,5.19,4.62,4.645,4.74188682,5.62,4.853,9.94,4.6192,4.560476190476191,5.4321,4.612857142857139
2007-07-01,4.79,9.77,4.45,5.1,4.59,4.582,5.00427138,5.28,4.841,9.91,4.5816,4.505,5.4084,4.59
2007-08-01,4.62,9.77,4.25,4.91,4.39,4.391,4.78644177,5.32,4.684,10.62,4.3836,4.29652173913043,5.1499,4.42863636363636
2007-09-01,4.56,9.77,4.22,4.81,4.34,4.357,4.92983434,5.21,4.641,10.16,4.3615,4.226,4.9928,4.356315789473681
2007-10-01,4.58,9.77,4.31,4.91,4.38,4.394,5.41929016,5.06,4.625,10.16,4.3974,4.28260869565217,4.9576,4.362727272727271
2007-11-01,4.43,9.77,4.22,4.76,4.22,4.208,5.61506423,5.12,4.558,10.21,4.2279,4.08909090909091,4.7263,4.121428571428569
2007-12-01,4.54,9.77,4.31,4.66,4.34,4.334,5.30003856,5.1,4.678999999999999,10.37,4.3552,4.20588235294118,4.6937,4.01578947368421
2008-01-01,4.4,9.77,4.08,4.52,4.14,4.149,4.9269303,5.71,4.466,11.21,4.1414,4.02772727272727,4.4925,3.84818181818182
2008-02-01,4.36,9.77,4.02,4.39,4.06,4.082,4.63739579,5.11,4.416,11.59,4.082,3.95285714285714,4.6234,3.8280000000000003
2008-03-01,4.42,9.77,3.92,4.28,4.0,4.037,4.3968573,5.25,4.369,11.63,4.0109,3.79947368421053,4.445,3.509
2008-04-01,4.54,9.77,4.06,4.5,4.22,4.285,4.38174859,5.93,4.553,10.98,4.2778,4.04,4.6432,3.6286363636363594
2008-05-01,4.74,9.77,4.18,4.63,4.47,4.415,4.41847242,5.93,4.67,11.48,4.4067,4.20190476190476,4.8683,3.6214285714285697
2008-06-01,5.17,9.77,4.43,4.94,4.78,4.824,4.39523663,6.25,4.984,12.76,4.7418,4.520476190476191,5.2103,3.76
2008-07-01,5.15,9.77,4.37,4.94,4.77,4.777,4.25640219,6.57,5.013,12.47,4.6928,4.4904347826087,5.0494,3.75045454545455
2008-08-01,4.87,9.77,4.11,4.69,4.47,4.486000000000001,4.36200111,6.6,4.777,11.39,4.3985,4.202380952380951,4.7267,3.5915
2008-09-01,4.88,9.77,3.9,4.49,4.43,4.373,3.69109269,6.6,4.843999999999999,12.11,4.356,4.09409090909091,4.5701,3.5409523809523797
2008-10-01,4.93,9.77,3.57,4.17,4.33,4.427,3.95021519,6.6,4.68,13.58,4.189,3.8834782608695697,4.5789,3.6681818181818198
2008-11-01,5.09,9.77,3.34,4.18,4.09,4.0569999999999995,3.96088705,7.6,4.352,12.63,3.9804,3.5565,4.2571,3.57157894736842
2008-12-01,5.07,9.77,2.67,3.77,3.72,3.5,4.22500072,9.03,4.1739999999999995,10.88,3.545,3.0478947368421103,3.6238,2.94571428571429
2009-01-01,5.59,9.77,2.8,3.69,3.87,3.4419999999999997,4.27197519,10.64,4.175,9.8,3.6088,3.0709523809523795,3.6699,2.8123809523809506
2009-02-01,5.7,9.77,2.93,3.75,3.93,3.55,5.14116784,11.5,4.332,10.01,3.6591,3.1275,3.6899,2.96052631578947
2009-03-01,5.87,9.77,2.94,3.81,3.81,3.44,4.88,11.32,4.302,10.09,3.6508,3.01954545454545,3.2497,2.88590909090909
2009-04-01,5.5,9.77,3.18,3.9,3.78,3.4989999999999997,4.6,11.15,4.539,9.19,3.6635,3.133,3.4072,2.9542857142857097
2009-05-01,5.22,9.77,3.57,4.12,3.91,3.6180000000000003,4.0,11.09,4.592,9.36,3.8013,3.3710000000000004,3.6206,3.202
2009-06-01,5.33,9.77,3.62,4.23,3.98,3.7560000000000002,4.34,12.75,4.735,9.96,3.898,3.4736363636363596,3.7221,3.45909090909091
2009-07-01,4.89,9.77,3.37,4.05,3.77,3.736,4.41,12.75,4.462,9.46,3.7271,3.33782608695652,3.8238,3.42909090909091
2009-08-01,4.52,9.77,3.45,4.17,3.63,3.602,4.24,12.81,4.148,10.1,3.5886,3.3052380952381,3.7142,3.4645
2009-09-01,4.56,9.77,3.38,4.17,3.62,3.6460000000000004,4.08,13.27,3.9360000000000004,9.54,3.5857,3.26318181818182,3.6566,3.36571428571429
2009-10-01,4.57,9.77,3.25,4.07,3.57,3.596,3.94,13.27,3.8539999999999996,8.86,3.5558,3.20909090909091,3.5699,3.4252380952381003
2009-11-01,4.84,9.77,3.27,4.04,3.53,3.622,3.87,13.27,3.8680000000000003,8.32,3.5568,3.2171428571428597,3.7592,3.3925
2009-12-01,5.49,9.77,3.24,3.98,3.46,3.529,3.82,13.27,3.802,8.94,3.4744,3.1385,3.8871,3.4161904761904798
2010-01-01,6.02,9.77,3.37,4.08,3.49,3.568,3.87,13.27,3.7569999999999997,9.2,3.5182,3.2575,4.0025,3.485
2010-02-01,6.46,9.77,3.28,3.87,3.38,3.4960000000000004,3.64,13.27,3.69,9.7,3.4941,3.17,4.0624,3.4236842105263197
2010-03-01,6.24,9.77,3.2,3.85,3.26,3.4,3.83,10.54,3.602,9.41,3.4381,3.10217391304348,4.0915,3.4904347826087005
2010-04-01,7.83,9.77,3.14,3.84,3.36,3.343,3.7,10.13,3.514,8.86,3.3992,3.0645,4.1007,3.67
2010-05-01,7.97,9.77,2.73,3.46,3.03,2.928,3.6,10.13,3.174,8.61,3.0766,2.73428571428571,3.7772,3.4455
2010-06-01,9.1,9.77,2.61,3.36,2.92,2.701,3.48,10.12,3.008,8.38,3.0714,2.5431818181818198,3.6007,3.29772727272727
2010-07-01,10.34,9.77,2.7,3.33,2.85,2.716,3.49,10.0,2.9810000000000003,7.95,2.9809,2.61590909090909,3.5087,3.1852380952381
2010-08-01,10.7,9.77,2.45,3.12,2.62,2.4459999999999997,2.94,10.0,2.645,7.6,2.681,2.35,3.233,2.9495238095238103
2010-09-01,11.34,9.77,2.53,3.3,2.58,2.395,3.36,9.97,2.6660000000000004,7.9,2.6652,2.3004545454545497,3.1271,2.8814285714285695
2010-10-01,9.57,9.77,2.64,3.24,2.63,2.456,3.46,9.24,2.733,7.5,2.7207,2.34571428571429,3.0685,2.766
2010-11-01,11.52,9.77,2.86,3.28,2.82,2.6519999999999997,3.31,8.99,2.9410000000000003,8.22,2.9965,2.53272727272727,3.3110000000000004,3.0223809523809506
2010-12-01,12.01,9.77,3.21,3.61,3.19,3.012,3.24,7.55,3.319,8.26,3.3466,2.9147619047618996,3.6098,3.2047619047618996
2011-01-01,11.73,9.77,3.28,3.75,3.27,3.052,3.27,5.38,3.304,8.51,3.4436,3.0166666666666697,3.7273,3.253
2011-02-01,11.4,9.77,3.41,3.81,3.41,3.23,3.08,6.17,3.4530000000000003,8.92,3.6029,3.199,3.8799,3.41736842105263
2011-03-01,12.44,9.77,3.35,3.77,3.45,3.2889999999999997,2.97,6.49,3.471,8.76,3.6073,3.2117391304347795,3.7386,3.26652173913043
2011-04-01,13.86,9.77,3.3,3.79,3.57,3.4160000000000004,2.85,6.47,3.575,8.64,3.6916,3.3405263157894702,3.7619,3.3280000000000003
2011-05-01,15.94,9.77,3.01,3.48,3.32,3.1310000000000002,3.13,6.36,3.293,8.34,3.4881,3.06090909090909,3.5053,3.15190476190476
2011-06-01,16.69,9.77,2.89,3.36,3.29,2.958,3.13,5.87,3.148,7.87,3.4299,2.89090909090909,3.4144,2.98772727272727
2011-07-01,16.15,9.77,2.75,3.24,3.16,3.016,3.22,5.67,3.0260000000000002,7.81,3.3927,2.74380952380952,3.3137,2.9385
2011-08-01,15.9,9.77,2.17,2.6,2.68,2.494,3.09,5.6,2.592,7.47,2.9815,2.21347826086957,2.7833,2.4463636363636403
2011-09-01,17.78,9.77,1.83,2.36,2.35,2.0709999999999997,3.04,5.6,2.273,7.6,2.6408,1.82909090909091,2.504,2.19666666666667
2011-10-01,18.04,9.77,1.9,2.59,2.51,2.2319999999999998,2.63,5.62,2.366,7.61,2.9947,2.0023809523809497,2.529,2.296
2011-11-01,17.92,9.81,1.69,2.49,2.54,2.005,2.51,5.73,2.313,7.75,3.4093,1.87409090909091,2.2917,2.12238095238095
2011-12-01,17.92,9.82,1.68,2.38,2.52,1.857,2.44,5.93,2.266,7.78,3.1593,1.9276190476190502,2.1828,1.992
2012-01-01,17.92,9.92,1.7,2.22,2.28,1.735,2.22,5.74,2.07,7.5,3.179,1.8209090909090901,2.1104,1.98
2012-02-01,17.92,10.02,1.89,2.4,2.34,1.844,2.09,5.45,2.0340000000000003,7.45,3.0156,1.85190476190476,2.2191,2.021
2012-03-01,17.92,10.02,1.95,2.48,2.3,1.8869999999999998,2.19,5.15,2.2159999999999997,7.36,2.9505,1.83045454545455,2.323,2.1068181818181797
2012-04-01,17.92,11.9,1.82,2.34,2.15,1.713,2.17,5.1,2.218,7.21,2.9948,1.6242105263157902,2.2117,2.0645
2012-05-01,17.92,11.9,1.51,2.05,1.82,1.369,2.46,5.15,1.9169999999999998,7.27,2.7545,1.33681818181818,1.9416,1.9222727272727298
2012-06-01,17.92,11.9,1.45,1.94,1.76,1.255,2.51,5.07,1.819,7.11,2.575,1.30047619047619,1.7698,1.74761904761905
2012-07-01,17.92,11.9,1.33,1.73,1.55,1.1,2.41,4.67,1.6980000000000002,6.74,2.2786,1.24227272727273,1.6523,1.65619047619048
2012-08-01,17.92,12.02,1.44,1.92,1.54,1.149,2.15,4.45,1.662,6.74,2.1194,1.3417391304347799,1.6735,1.8268181818181797
2012-09-01,17.92,11.93,1.51,2.07,1.82,1.31,2.19,3.92,1.6469999999999998,6.42,2.2384,1.4905,1.7222,1.8378947368421101
2012-10-01,17.96,11.91,1.54,1.98,1.78,1.2919999999999998,2.14,3.52,1.621,6.24,2.1866,1.46695652173913,1.7721,1.8118181818181798
2012-11-01,17.2,10.43,1.46,2.01,1.67,1.113,2.39,3.32,1.5219999999999998,6.01,2.1394,1.33590909090909,1.7741,1.73809523809524
2012-12-01,13.33,10.16,1.51,2.08,1.59,1.074,2.4,3.24,1.4280000000000002,5.71,1.9969,1.2994117647058798,1.8467,1.76789473684211
2013-01-01,11.1,9.16,1.8,2.31,1.74,1.6119999999999999,2.21,3.21,1.604,5.32,2.1664,1.5122727272727299,2.0795,1.9313636363636397
2013-02-01,10.95,8.06,2.0,2.49,1.81,1.729,2.37,3.22,1.693,5.07,2.2448,1.5435,2.1781,1.9678947368421102
2013-03-01,11.38,8.24,1.92,2.24,1.61,1.588,2.51,3.17,1.545,5.1,2.0696,1.3545,1.9768,1.8515
2013-04-01,11.58,8.97,1.66,2.07,1.51,1.415,2.67,3.15,1.41,5.09,1.8022,1.19619047619048,1.7824,1.7486363636363602
2013-05-01,9.07,6.69,1.79,2.1,1.6,1.454,2.54,3.1,1.4680000000000002,6.12,1.8765,1.29409090909091,1.9462,1.9018181818181799
2013-06-01,10.07,7.29,2.05,2.4,1.88,1.722,2.68,3.17,1.755,7.13,2.2119,1.5305,2.3063,2.2445
2013-07-01,10.53,8.24,2.16,2.61,1.91,1.765,2.48,3.25,2.021,7.5,2.2492,1.5656521739130402,2.471,2.43818181818182
2013-08-01,10.01,8.23,2.34,2.84,2.07,1.94,2.35,3.25,2.2,7.76,2.362,1.735,2.7088,2.61142857142857
2013-09-01,10.15,8.23,2.6,3.12,2.19,2.099,2.45,3.45,2.271,7.33,2.483,1.88809523809524,2.8443,2.698
2013-10-01,8.74,8.51,2.44,2.95,2.04,1.9340000000000002,2.66,3.78,2.1390000000000002,6.9,2.3915,1.76217391304348,2.6784,2.51818181818182
2013-11-01,8.41,8.51,2.3,2.86,1.94,1.797,2.77,3.71,2.009,7.33,2.2656,1.67714285714286,2.7598,2.5585
2013-12-01,8.66,8.51,2.39,2.94,2.03,1.885,2.93,3.62,2.096,7.29,2.3294,1.79777777777778,2.9458,2.6735
2014-01-01,8.18,8.91,2.37,2.95,1.99,1.8559999999999999,3.03,3.48,2.057,7.64,2.3851,1.75590909090909,2.91,2.53409090909091
2014-02-01,7.7,9.8,2.23,2.85,1.92,1.673,3.13,3.07,1.869,7.64,2.2524,1.5585,2.8147,2.42
2014-03-01,6.9,9.18,2.16,2.94,1.9,1.614,3.31,2.87,1.796,6.78,2.1502,1.5085714285714298,2.7837,2.4542857142857097
2014-04-01,6.2,8.51,2.06,2.88,1.84,1.565,3.1,2.8,1.71,6.78,2.0259,1.4565,2.7417,2.4447619047619
2014-05-01,6.38,10.15,1.88,2.73,1.69,1.469,3.1,2.74,1.568,6.65,1.8421,1.32714285714286,2.6989,2.3152380952381
2014-06-01,5.93,10.16,1.8,2.61,1.57,1.3769999999999998,3.32,2.53,1.44,6.91,1.7124,1.26428571428571,2.7842,2.2985714285714303
2014-07-01,6.1,10.18,1.6,2.43,1.36,1.235,3.32,2.4,1.264,6.98,1.5608,1.11434782608696,2.7343,2.19454545454545
2014-08-01,6.09,10.17,1.58,2.36,1.18,1.0659999999999998,3.28,2.35,1.083,6.73,1.4045,0.9561904761904759,2.5347,2.062
2014-09-01,5.89,10.16,1.51,2.4,1.13,0.9590000000000001,3.29,2.28,0.983,7.19,1.3512,0.9213636363636359,2.4919,2.18095238095238
2014-10-01,7.26,10.28,1.3,2.21,1.01,1.127,3.2,2.18,0.867,6.94,1.2586,0.7909090909090909,2.2469,2.01045454545455
2014-11-01,8.1,10.27,1.14,2.05,0.9,1.025,3.15,1.77,0.7509999999999999,6.93,1.138,0.7190000000000001,2.1593,2.00315789473684
2014-12-01,8.42,10.27,1.01,1.77,0.89,0.932,3.19,1.63,0.65,7.5,0.9218,0.588947368421053,1.9287,1.85190476190476
2015-01-01,9.48,10.27,0.78,1.45,0.62,0.626,3.09,1.1,0.469,6.94,0.6749,0.39,1.589,1.5257142857142902
2015-02-01,9.72,10.28,0.62,1.39,0.48,0.2,2.79,0.78,0.331,6.96,0.5948,0.302,1.7365,1.37947368421053
2015-03-01,10.52,10.37,0.58,1.54,0.39,0.295,2.56,0.56,0.161,7.42,0.5039,0.22727272727272702,1.7941,1.42136363636364
2015-04-01,12.01,10.32,0.34,1.44,0.27,0.24600000000000002,2.83,0.42,0.061,7.18,0.4347,0.122,1.755,1.41095238095238
2015-05-01,10.95,9.91,0.75,1.65,0.71,0.73,2.86,0.84,0.42,7.34,0.8859999999999999,0.55578947368421,2.0243,1.744
2015-06-01,11.43,9.74,0.99,1.77,1.01,1.0,2.69,1.28,0.649,7.82,1.1958,0.792727272727273,2.1696,1.78
2015-07-01,11.43,9.59,0.81,1.7,0.95,0.943,2.38,1.25,0.561,7.75,1.117,0.71,2.1353,1.56954545454545
2015-08-01,10.26,9.37,0.66,1.49,0.82,0.8420000000000001,2.4,0.96,0.445,8.35,0.9981,0.608571428571429,1.9799,1.3915
2015-09-01,8.54,9.38,0.71,1.6,0.95,0.9279999999999999,2.58,1.03,0.426,8.63,1.0051,0.654090909090909,1.8814,1.4814285714285702
2015-10-01,7.81,9.25,0.66,1.57,0.81,0.83,2.3,1.07,0.308,8.26,0.8618,0.518181818181818,1.8459999999999999,1.46333333333333
2015-11-01,7.41,8.58,0.8,1.63,0.81,0.812,2.81,1.19,0.252,8.72,0.885,0.5161904761904761,1.9779,1.6335
2015-12-01,8.21,8.5,0.93,1.55,0.86,0.8340000000000001,2.64,1.08,0.271,8.88,0.9328,0.5455,1.9234,1.4595238095238101
2016-01-01,9.08,8.41,0.77,1.45,0.78,0.7859999999999999,2.78,1.05,0.7190000000000001,9.21,0.8453,0.4305,1.7833,1.258
2016-02-01,10.41,8.47,0.77,1.39,0.53,0.545,2.66,0.88,0.429,9.19,0.5924,0.17285714285714301,1.5032,1.1245
2016-03-01,9.12,8.54,0.82,1.33,0.53,0.508,2.71,0.71,0.415,8.35,0.5089,0.17142857142857096,1.5434,1.26818181818182
2016-04-01,9.03,8.33,0.81,1.3,0.46,0.396,2.76,0.61,0.335,8.22,0.51,0.134285714285714,1.5688,1.33619047619048
2016-05-01,7.64,8.19,0.77,1.4,0.45,0.414,2.8,0.51,0.32899999999999996,8.16,0.5113,0.132857142857143,1.5366,1.35
2016-06-01,7.92,8.24,0.52,1.17,0.33,0.225,2.95,0.48,0.171,7.57,0.3901,-0.0168181818181818,1.3105,1.16818181818182
2016-07-01,7.99,8.29,0.17,0.96,0.12,0.073,3.13,0.3,-0.003,7.64,0.17300000000000001,-0.154285714285714,0.9569,1.051
2016-08-01,8.19,8.23,0.1,1.07,0.06,0.038,2.7,0.12,-0.051,7.5,0.1514,-0.131739130434783,0.7421,1.04272727272727
2016-09-01,8.34,8.31,0.22,1.23,0.08,0.013999999999999999,2.72,0.1,-0.026000000000000002,7.02,0.1833,-0.0840909090909091,0.8243,1.08619047619048
2016-10-01,8.33,8.3,0.24,1.34,0.17,0.132,2.78,0.19,0.071,7.42,0.327,0.002,1.078,1.1665
2016-11-01,7.33,8.33,0.43,1.58,0.41,0.324,2.71,0.56,0.278,7.41,0.6638,0.18909090909090898,1.3818,1.4376190476190502
2016-12-01,6.94,8.38,0.61,1.76,0.46,0.389,2.61,0.9,0.385,7.18,0.7542,0.25190476190476196,1.4336,1.732
2017-01-01,7.04,8.38,0.65,1.69,0.5,0.373,2.6,0.89,0.431,6.94,0.8625,0.250909090909091,1.4203,1.72238095238095
2017-02-01,7.52,8.33,0.66,1.74,0.52,0.33399999999999996,2.59,0.99,0.5539999999999999,7.05,1.0291,0.258,1.3058,1.70210526315789
2017-03-01,7.17,8.36,0.69,1.77,0.51,0.18899999999999997,2.55,0.94,0.599,6.77,1.0199,0.34826086956521696,1.194,1.7143478260869598
2017-04-01,6.7,8.48,0.57,1.61,0.38,0.545,2.37,0.92,0.493,6.42,0.8814,0.22555555555555604,1.0789,1.52315789473684
2017-05-01,5.86,8.5,0.56,1.59,0.49,0.635,2.27,0.88,0.57,6.42,0.799,0.336363636363636,1.1175,1.5131818181818202
2017-06-01,5.76,8.27,0.46,1.53,0.56,0.529,2.17,0.85,0.519,6.7,0.6646,0.25047619047619,1.0846,1.50272727272727
2017-07-01,5.33,8.7,0.66,1.69,0.76,0.6729999999999999,2.08,0.98,0.693,7.02,0.8371,0.45571428571428607,1.2713,1.9080000000000001
2017-08-01,5.55,8.74,0.63,1.62,0.65,0.546,2.06,0.85,0.57,6.92,0.7108,0.346086956521739,1.1241,1.8836363636363602
2017-09-01,5.56,9.5,0.62,1.59,0.58,0.51,2.18,0.72,0.5539999999999999,6.76,0.7,0.34714285714285703,1.2436,2.0495
2017-10-01,5.59,9.74,0.88,1.66,0.59,0.531,2.01,0.71,0.57,6.83,0.8116,0.3725,1.3816,2.05095238095238
2017-11-01,5.22,9.93,0.76,1.59,0.52,0.442,1.88,0.69,0.5,6.69,0.7195,0.308181818181818,1.3299,1.91857142857143
2017-12-01,4.44,9.95,0.72,1.57,0.5,0.41,1.83,0.59,0.485,6.74,0.6763,0.296842105263158,1.2781,1.91526315789474
2018-01-01,3.79,9.87,0.85,1.74,0.67,0.5670000000000001,1.91,0.6,0.625,6.69,0.8544,0.47454545454545505,1.3931,2.19818181818182
2018-02-01,4.14,9.85,0.91,1.98,0.84,0.772,1.96,0.75,0.78,6.94,0.9816,0.659,1.6034,2.32421052631579
2018-03-01,4.27,9.77,0.77,1.99,0.72,0.642,1.91,0.83,0.68,6.73,0.8342,0.52952380952381,1.508,2.18857142857143
2018-04-01,4.04,9.63,0.71,1.93,0.69,0.5529999999999999,1.94,0.8,0.62,6.65,0.7763,0.48,1.5108,2.24904761904762
2018-05-01,4.29,9.8,0.66,1.89,0.7,0.518,1.98,0.86,0.608,6.89,0.7855,0.45,1.5016,2.37545454545455
2018-06-01,4.39,9.71,0.55,1.82,0.63,0.40700000000000003,1.97,0.93,0.537,6.94,0.7526,0.32714285714285696,1.4229,2.20904761904762
2018-07-01,3.88,9.88,0.51,1.76,0.53,0.32,1.9,1.06,0.47,7.12,0.6658,0.274545454545455,1.3739,2.18714285714286
2018-08-01,4.18,9.8,0.52,1.77,0.56,0.326,1.84,0.95,0.466,7.09,0.7048,0.290869565217391,1.3991,2.29545454545455
2018-09-01,4.17,9.95,0.6,1.9,0.66,0.365,1.8,0.94,0.509,7.15,0.7677,0.3705,1.5023,2.35368421052632
2018-10-01,4.37,10.11,0.67,2.0,0.73,0.418,1.71,1.01,0.56,7.46,0.8227,0.399090909090909,1.5462,2.4886363636363598
2018-11-01,4.42,10.24,0.6,1.94,0.66,0.336,1.69,1.05,0.49700000000000005,7.27,0.7622,0.314090909090909,1.4541,2.40761904761905
2018-12-01,4.28,10.94,0.47,1.83,0.55,0.23399999999999999,1.5,1.05,0.424,7.02,0.6979,0.187058823529412,1.3125,2.05789473684211
2019-01-01,4.21,11.89,0.43,1.78,0.49,0.153,1.64,0.95,0.366,6.99,0.6463,0.13272727272727303,1.3221,1.95363636363636
2019-02-01,3.84,11.8,0.36,1.71,0.38,0.054000000000000006,1.5,0.81,0.261,6.98,0.5506,0.0555,1.239,1.90736842105263
2019-03-01,3.76,12.29,0.29,1.66,0.39,0.163,1.17,0.7,0.168,6.71,0.43700000000000006,0.010952380952381,1.19,1.71238095238095
2019-04-01,3.42,12.05,0.3779,1.71,0.34,0.08199999999999999,1.21,0.58,0.109,6.94,0.3718,-0.0395,1.1906,1.7242857142857098
2019-05-01,3.37,10.94,0.2153,1.66,0.25,0.044000000000000004,1.07,0.51,0.02,6.76,0.3036,-0.134545454545455,1.13,1.6645454545454499
2019-06-01,2.67,10.41,0.0452,1.43,0.05,-0.217,0.92,0.33,-0.162,6.22,0.079,-0.315263157894737,0.919,1.4625
2019-07-01,2.16,10.36,0.0208,1.44,-0.09,-0.308,0.88,0.15,-0.276,6.09,-0.0698,-0.38826086956521705,0.8304,1.51909090909091
2019-08-01,1.98,9.99,-0.2884,1.15,-0.35,-0.579,0.85,-0.07,-0.541,6.11,-0.3429,-0.6490909090909089,0.5776,1.2052380952381
2019-09-01,1.5,9.95,-0.2315,1.21,-0.3,-0.591,0.8,-0.11,-0.49700000000000005,6.07,-0.2729,-0.594761904761905,0.5981,1.364
2019-10-01,1.34,9.81,-0.1598,1.26,-0.21,-0.43200000000000005,0.84,0.0,-0.395,6.1,-0.1556,-0.46954545454545504,0.6373,1.4495454545454498
2019-11-01,1.36,9.16,-0.0015,1.45,-0.08,-0.312,1.04,0.1,-0.27399999999999997,6.58,-0.0199,-0.352380952380952,0.765,1.4995
2019-12-01,1.42,8.75,0.0671,1.47,-0.03,-0.258,1.11,0.16,-0.226,6.42,0.0362,-0.29944444444444396,0.8308,1.6045
2020-01-01,1.34,8.54,0.10557000000000001,1.39,-0.07,-0.259,0.96,0.11,-0.252,6.02,-0.01,-0.313636363636364,0.7235,1.4922727272727299
2020-02-01,1.07,8.18,-0.04565,1.35,-0.23,-0.41100000000000003,0.4,-0.04,-0.431,6.22,-0.18,-0.466,0.633,1.29473684210526
2020-03-01,1.97,8.31,-0.16768,0.93,-0.12,-0.409,0.36,-0.06,-0.361,7.26,-0.05,-0.5413636363636359,0.4609,0.8190909090909091
2020-04-01,2.05,8.26,-0.07415,0.7,0.03,-0.21,0.17,0.3,-0.247,7.2,0.06,-0.4495,0.3577,0.6571428571428571
2020-05-01,1.93,8.74,-0.060684,0.47,-0.12,-0.28800000000000003,0.09,0.26,-0.322,6.25,-0.03,-0.5165,0.2743,0.551
2020-06-01,1.32,8.45,0.006095199999999999,0.65,-0.17,-0.264,0.13,0.01,-0.34299999999999997,6.65,-0.04,-0.43428571428571394,0.278,0.561363636363636
2020-07-01,1.14,9.06,-0.07321699999999999,0.61,-0.21,-0.341,0.05,-0.17,-0.43,6.31,-0.15,-0.5230434782608699,0.2094,0.5163636363636359
2020-08-01,1.08,9.07,-0.040333,0.69,-0.25,-0.35700000000000004,-0.04,-0.19,-0.45399999999999996,6.21,-0.17,-0.5233333333333329,0.2717,0.5635
2020-09-01,1.08,9.24,-0.082591,0.65,-0.3,-0.385,0.01,-0.2,-0.49700000000000005,5.98,-0.21,-0.5240909090909089,0.273,0.5595238095238101
2020-10-01,0.9,9.3,-0.028566,0.67,-0.38,-0.45799999999999996,0.37,-0.23,-0.541,6.21,-0.3,-0.6072727272727271,0.3058,0.6028571428571429
2020-11-01,0.75,9.32,-0.00026000000000000003,0.79,-0.4,-0.46,0.79,-0.25,-0.536,5.93,-0.32,-0.614761904761905,0.3836,0.6885
2020-12-01,0.63,9.57,0.005439,0.91,-0.41,-0.469,0.8,-0.29,-0.5489999999999999,5.76,-0.34,-0.6185,0.3224,0.730952380952381
2021-01-01,0.65,9.6,0.070066,1.01,-0.37842105299999995,-0.444,0.91,-0.29,-0.535,5.9,-0.31,-0.5835,0.3672,0.8055
2021-02-01,0.81,9.33,0.24711999999999998,1.28,-0.21766999999999997,-0.282,1.03,-0.25,-0.446,6.44,-0.15,-0.4455,0.6222,1.0994736842105302
2021-03-01,0.91,9.32,0.39866,1.46,-0.123843478,-0.027999999999999997,0.87,-0.2,-0.401,7.45,-0.07,-0.36478260869565204,0.8456,1.49652173913043
2021-04-01,0.88,9.28,0.37016,1.42,-0.0792,0.003,0.84,-0.21,-0.376,7.46,-0.01,-0.325,0.8515,1.51619047619048
2021-05-01,0.99,8.89,0.42118,1.47,0.049089999999999995,0.113,0.87,-0.06,-0.314,7.75,0.21,-0.2235,0.9058,1.524
2021-06-01,0.81,8.39,0.36155,1.47,-0.017666667,0.106,0.82,0.14,-0.33399999999999996,7.58,0.15,-0.288636363636364,0.8549,1.425
2021-07-01,0.7,7.71,0.1808,1.24,-0.09562727300000001,-0.05,0.75,0.09,-0.401,7.6,-0.01,-0.45136363636363597,0.6979,1.25142857142857
2021-08-01,0.59,6.87,0.11012999999999999,1.23,-0.215054545,-0.156,0.67,0.0,-0.47200000000000003,7.6,-0.12,-0.538636363636364,0.644,1.19190476190476
2021-09-01,0.8,6.37,0.26964,1.42,-0.08386363599999999,-0.013000000000000001,0.57,0.02,-0.37200000000000005,8.05,0.04,-0.36272727272727295,0.8023,1.263
2021-10-01,0.96,6.46,0.38059,1.6756666666666697,0.078884211,0.09699999999999999,0.7,0.17,-0.19899999999999998,8.4,0.2,-0.204285714285714,1.083,1.597
2021-11-01,1.22,6.41,0.26671999999999996,1.60777777777778,0.0043,0.006,0.63,0.26,-0.21100000000000002,8.8,0.1,-0.313636363636364,0.9394,1.6857142857142902
2021-12-01,1.29,6.57,0.13796,1.7069999999999999,-0.06184,-0.08199999999999999,0.68,0.3,-0.218,8.46,0.05,-0.38428571428571395,0.8375,1.45
2022-01-01,1.62,6.77,0.36028000000000004,1.9098888888888899,0.17909,0.114,0.89,0.38,-0.039,9.43,0.31,-0.114761904761905,1.2051,1.7590000000000001
2022-02-01,2.46,6.93,0.6060300000000001,2.119,0.5108199999999999,0.45799999999999996,0.58,0.79,0.39899999999999997,9.74,0.68,0.15,1.4891,1.87947368421053
2022-03-01,2.61,7.25,0.8204600000000001,2.5315,0.715817391,0.565,0.49,1.2,0.5479999999999999,9.97,0.78,0.28173913043478305,1.5457,2.13217391304348
2022-04-01,2.89,7.15,1.4715200000000002,2.6935,1.177,1.04,0.71,1.59,1.389,10.54,1.28,0.7463157894736842,1.8362,2.7039999999999997
2022-05-01,3.54,7.06,1.76563,2.64225,1.451961905,1.298,0.82,1.99,1.659,10.78,1.52,0.952727272727273,1.9069,2.9185714285714304
2022-06-01,3.93,7.09,1.8630900000000001,3.12575,2.07227619,1.835,0.94,2.55,2.157,11.61,2.06,1.445,2.3824,3.31545454545455
2022-07-01,3.38,7.18,1.53262,2.9094285714285695,1.713857143,1.5859999999999999,1.05,2.47,1.8530000000000002,12.62,1.71,1.08190476190476,2.1454,3.04315789473684
2022-08-01,3.46,8.85,1.60696,3.3360000000000003,1.624904348,1.375,1.0,2.29,1.8430000000000002,12.21,1.69,1.03434782608696,2.3278,2.85909090909091
2022-09-01,4.44,9.2,2.07702,3.418,2.421363636,2.2,1.0,2.96,2.55,12.92,2.41,1.79545454545455,3.5007,3.14789473684211
2022-10-01,4.87,9.53,2.1970400000000003,3.596875,2.895238095,2.5989999999999998,1.0,3.81,2.9939999999999998,13.93,2.77,2.1866666666666696,4.1096,3.3805263157894703
2022-11-01,4.42,9.58,2.0098599999999998,3.122875,2.691363636,2.378,1.0,3.74,2.701,13.23,2.58,2.06636363636364,3.4171,3.1661904761904798
2022-12-01,4.22,9.63,1.97433,3.13588888888889,2.41,2.285,1.0,3.5,2.676,13.23,2.62,2.0852380952381,3.5015,2.9415
2023-01-01,4.29,9.59,2.083,2.88445454545455,2.77,2.4330000000000003,1.0,3.7,2.7,12.26,2.69,2.19272727272727,3.5115,2.9376190476190494
2023-02-01,4.26,9.63,2.366,3.1458,2.94,2.545,1.0,3.68,2.889,13.43,2.87,2.3705,3.5553,3.17421052631579
2023-03-01,4.29,9.47,2.35278,2.9732727272727297,2.98,2.551,1.0,3.91,2.9930000000000003,11.95,2.92,2.3834782608695697,3.5638,2.9934782608695696
2023-04-01,4.22,8.89,2.37289,3.175625,2.96,2.597,1.0,3.88,2.96,11.89,2.9,2.35944444444444,3.6503,2.91611111111111
2023-05-01,3.98,8.19,2.32386,3.3289999999999997,2.98,2.539,1.0,3.83,2.952,11.11,2.94,2.34227272727273,3.9621,3.04545454545455
2023-06-01,3.71,7.83,2.4648,3.5665,3.0,2.571,1.0,3.79,2.946,10.15,2.93,2.37636363636364,4.3659,3.33818181818182
2023-07-01,3.85,7.66,2.52176,3.66916666666667,3.07,2.738,1.0,3.81,3.033,10.22,3.04,2.4566666666666697,4.4372,3.452
2023-08-01,3.88,7.37,2.7521299999999997,3.7665,3.15,2.843,1.0,3.85,3.0839999999999996,10.7,3.11,2.54565217391304,4.5298,3.65409090909091
2023-09-01,4.08,7.1,2.8879,3.88671428571429,3.25,2.9539999999999997,1.0,3.88,3.161,11.87,3.24,2.6614285714285697,4.4199,3.8160000000000003
2023-10-01,4.3,7.15,3.02373,3.94668181818182,3.47,3.133,1.0,4.14,3.318,11.81,3.45,2.82318181818182,4.5695,4.062
2023-11-01,3.88,7.21,2.75495,3.6849090909090902,3.2,2.8680000000000003,1.0,3.98,3.029,10.74,3.19,2.60136363636364,4.2721,3.7109523809523797
2023-12-01,3.28,7.19,2.20821,3.2889999999999997,2.68,2.3609999999999998,1.0,3.49,2.533,9.94,2.65,2.10210526315789,3.8622,3.2342105263157896
2024-01-01,3.29,6.83,2.23068,3.4957727272727297,2.8,2.403,1.0,3.38,2.613,9.62,2.74,2.17454545454545,3.9319,3.3463636363636406
2024-02-01,3.45,6.7,2.43,3.70171428571429,2.8846,2.475,1.0,3.41,2.815,10.07,2.85,2.33190476190476,4.123,3.5039999999999996
2024-03-01,3.37,6.69,2.396,3.60847368421053,2.84936,2.3930000000000002,1.0,3.4,2.787,10.32,2.82,2.3495,4.033,3.444
2024-04-01,3.49,6.53,2.51305,3.74290476190476,2.9438476189999996,2.48,1.0,3.47,2.904,10.81,2.97,2.44571428571429,4.2172,3.69590909090909
2024-05-01,3.55,6.47,2.3763799999999997,3.67752631578947,3.004838095,2.522,1.0,3.43,2.9410000000000003,11.19,3.03,2.51954545454545,4.2229,3.6418181818181803
2024-06-01,3.65,6.45,2.2576099999999997,3.53745,3.0502736839999995,2.5180000000000002,1.0,3.44,2.9360000000000004,11.25,3.15,2.4845,4.1644,3.3915
2024-07-01,3.5,6.41,2.12817,3.5445217391304302,3.0022173910000003,2.448,1.0,3.39,2.9010000000000002,11.13,3.14,2.4582608695652204,4.1386,3.40772727272727
2024-08-01,3.31,6.46,1.93209,3.2964545454545497,2.777254545,2.199,1.0,3.18,2.661,10.7,2.94,2.2077272727272703,3.9444,3.0715
2024-09-01,3.19,6.46,1.9272900000000002,3.2987619047619,2.7176095239999998,2.114,1.0,3.12,2.592,10.4,2.9,2.16714285714286,3.9053,2.94444444444444
2024-10-01,3.16,6.43,2.04304,3.54139130434783,2.747069565,2.104,1.0,3.1,2.6519999999999997,10.92,2.99,2.2295652173913,4.1993,3.1863636363636405
2024-11-01,3.19,6.41,2.06743,3.66871428571429,2.81,2.069,1.0,3.09,2.722,11.15,3.09,2.30571428571429,4.4164,3.2785
2024-12-01,3.05,6.42,2.1015,3.59888888888889,2.65,1.912,1.0,3.04,2.6430000000000002,11.72,3.01,2.1788888888888898,4.4345,3.1615
